"Quadrat","Ammonite_number","X_coordinate","Y_coordinate","Diameter_mm","N_chambers","Aperture_bearing_degrees","Chirality"
"A1",1,673,908,160,27,2,"Sinistral"
"A1",2,430,906,121,24,356,"Sinistral"
"A1",3,200,876,177,27,347,"Sinistral"
"A1",4,851,797,152,26,350,"Sinistral"
"A1",5,377,729,180,28,11,"Dextral"
"A1",6,91,676,184,28,352,"Sinistral"
"A1",7,629,663,194,28,16,"Dextral"
"A1",8,235,535,130,25,26,"Dextral"
"A1",9,866,520,176,27,0,"Dextral"
"A1",10,61,499,166,27,356,"Dextral"
"A1",11,693,492,231,29,347,"Dextral"
"A1",12,498,440,126,25,358,"Sinistral"
"A1",13,315,371,196,28,1,"Dextral"
"A1",14,721,316,118,24,354,"Dextral"
"A1",15,946,244,139,26,4,"Sinistral"
"A1",16,187,221,162,27,345,"Sinistral"
"A1",17,494,182,176,27,337,"Sinistral"
"A1",18,698,109,205,28,9,"Sinistral"
"A1",19,910,43,121,24,357,"Dextral"
"A1",20,194,26,220,29,343,"Dextral"
"A10",1,905,917,186,28,344,"Dextral"
"A10",2,638,911,166,27,3,"Dextral"
"A10",3,192,852,140,26,12,"Sinistral"
"A10",4,496,803,123,25,320,"Sinistral"
"A10",5,28,763,164,27,352,"Sinistral"
"A10",6,760,754,126,25,3,"Sinistral"
"A10",7,948,639,169,27,7,"Sinistral"
"A10",8,367,638,204,28,1,"Sinistral"
"A10",9,541,571,195,28,354,"Dextral"
"A10",10,30,485,239,30,15,"Sinistral"
"A10",11,215,471,138,25,10,"Dextral"
"A10",12,694,445,170,27,7,"Sinistral"
"A10",13,882,412,138,25,350,"Sinistral"
"A10",14,456,401,193,28,15,"Dextral"
"A10",15,104,311,124,25,13,"Dextral"
"A10",16,799,250,153,26,6,"Sinistral"
"A10",17,464,222,154,26,9,"Sinistral"
"A10",18,233,87,205,28,358,"Sinistral"
"A10",19,46,30,127,25,13,"Sinistral"
"A10",20,795,28,147,26,15,"Dextral"
"A2",1,331,935,155,26,1,"Sinistral"
"A2",2,536,889,147,26,359,"Sinistral"
"A2",3,26,764,182,28,19,"Sinistral"
"A2",4,923,761,120,24,23,"Sinistral"
"A2",5,686,745,163,27,359,"Sinistral"
"A2",6,233,718,159,27,1,"Dextral"
"A2",7,486,716,210,29,1,"Sinistral"
"A2",8,342,550,157,26,348,"Sinistral"
"A2",9,865,531,120,24,353,"Sinistral"
"A2",10,30,517,198,28,339,"Sinistral"
"A2",11,509,474,142,26,353,"Sinistral"
"A2",12,197,441,167,27,355,"Sinistral"
"A2",13,671,385,237,30,337,"Dextral"
"A2",14,74,308,111,24,17,"Sinistral"
"A2",15,369,247,99,23,1,"Sinistral"
"A2",16,846,246,152,26,344,"Dextral"
"A2",17,640,158,172,27,16,"Sinistral"
"A2",18,455,82,189,28,354,"Sinistral"
"A2",19,225,57,191,28,355,"Sinistral"
"A2",20,873,51,131,25,355,"Sinistral"
"A3",1,293,950,136,25,25,"Sinistral"
"A3",2,98,936,194,28,20,"Dextral"
"A3",3,897,892,187,28,356,"Sinistral"
"A3",4,588,841,117,24,345,"Sinistral"
"A3",5,416,809,196,28,7,"Dextral"
"A3",6,887,704,175,27,4,"Sinistral"
"A3",7,26,678,231,29,10,"Sinistral"
"A3",8,205,647,164,27,4,"Sinistral"
"A3",9,425,607,185,28,6,"Dextral"
"A3",10,654,524,158,26,10,"Dextral"
"A3",11,87,449,158,26,345,"Dextral"
"A3",12,447,379,153,26,350,"Sinistral"
"A3",13,934,364,203,28,18,"Dextral"
"A3",14,721,340,94,22,10,"Sinistral"
"A3",15,233,305,182,28,358,"Dextral"
"A3",16,853,190,168,27,344,"Dextral"
"A3",17,77,157,138,25,11,"Sinistral"
"A3",18,273,113,207,29,347,"Sinistral"
"A3",19,499,63,98,23,346,"Dextral"
"A3",20,698,62,201,28,5,"Sinistral"
"A4",1,492,942,221,29,3,"Sinistral"
"A4",2,72,879,124,25,359,"Sinistral"
"A4",3,692,846,132,25,2,"Dextral"
"A4",4,943,843,162,27,350,"Dextral"
"A4",5,376,806,187,28,3,"Sinistral"
"A4",6,810,677,160,27,16,"Dextral"
"A4",7,137,656,135,25,347,"Sinistral"
"A4",8,414,633,202,28,357,"Dextral"
"A4",9,598,550,195,28,354,"Sinistral"
"A4",10,75,454,199,28,356,"Dextral"
"A4",11,928,405,133,25,351,"Sinistral"
"A4",12,249,397,142,26,11,"Sinistral"
"A4",13,693,382,191,28,358,"Sinistral"
"A4",14,454,271,175,27,359,"Dextral"
"A4",15,126,266,192,28,342,"Sinistral"
"A4",16,791,217,175,27,353,"Sinistral"
"A4",17,590,107,156,26,4,"Dextral"
"A4",18,386,87,179,27,359,"Sinistral"
"A4",19,937,76,227,29,355,"Dextral"
"A4",20,188,53,159,27,0,"Sinistral"
"A5",1,650,933,159,27,10,"Sinistral"
"A5",2,103,923,142,26,4,"Sinistral"
"A5",3,842,908,178,27,320,"Dextral"
"A5",4,380,897,176,27,356,"Dextral"
"A5",5,262,753,118,24,3,"Dextral"
"A5",6,907,731,234,29,334,"Dextral"
"A5",7,493,701,154,26,11,"Dextral"
"A5",8,669,676,151,26,341,"Sinistral"
"A5",9,791,539,127,25,9,"Dextral"
"A5",10,51,496,159,27,27,"Dextral"
"A5",11,417,493,185,28,354,"Dextral"
"A5",12,584,407,197,28,1,"Sinistral"
"A5",13,282,380,119,24,348,"Sinistral"
"A5",14,796,363,175,27,352,"Dextral"
"A5",15,43,309,122,25,5,"Sinistral"
"A5",16,680,179,113,24,1,"Dextral"
"A5",17,874,168,105,23,344,"Sinistral"
"A5",18,271,136,170,27,356,"Sinistral"
"A5",19,503,133,141,26,353,"Sinistral"
"A5",20,58,82,212,29,1,"Sinistral"
"A6",1,521,945,201,28,7,"Sinistral"
"A6",2,187,913,139,26,351,"Dextral"
"A6",3,915,890,145,26,8,"Dextral"
"A6",4,704,850,179,27,356,"Dextral"
"A6",5,475,772,123,25,11,"Sinistral"
"A6",6,173,715,182,28,0,"Dextral"
"A6",7,829,708,175,27,4,"Sinistral"
"A6",8,664,620,120,24,352,"Dextral"
"A6",9,456,551,161,27,14,"Dextral"
"A6",10,128,485,116,24,13,"Sinistral"
"A6",11,619,437,139,25,5,"Sinistral"
"A6",12,288,406,196,28,6,"Sinistral"
"A6",13,883,392,175,27,13,"Dextral"
"A6",14,547,267,171,27,25,"Sinistral"
"A6",15,71,196,158,26,356,"Dextral"
"A6",16,360,188,135,25,345,"Dextral"
"A6",17,831,156,166,27,351,"Sinistral"
"A6",18,666,92,182,28,343,"Sinistral"
"A6",19,199,73,158,27,349,"Sinistral"
"A6",20,474,34,194,28,359,"Dextral"
"A7",1,419,925,149,26,4,"Dextral"
"A7",2,637,897,184,28,360,"Sinistral"
"A7",3,145,881,178,27,353,"Sinistral"
"A7",4,806,828,160,27,354,"Dextral"
"A7",5,326,775,122,25,0,"Dextral"
"A7",6,26,747,129,25,350,"Sinistral"
"A7",7,606,576,147,26,12,"Dextral"
"A7",8,52,563,219,29,7,"Sinistral"
"A7",9,839,549,155,26,336,"Sinistral"
"A7",10,397,548,170,27,4,"Sinistral"
"A7",11,182,439,156,26,21,"Dextral"
"A7",12,887,346,186,28,348,"Dextral"
"A7",13,46,327,137,25,342,"Dextral"
"A7",14,503,263,121,24,30,"Dextral"
"A7",15,713,249,168,27,7,"Sinistral"
"A7",16,296,174,176,27,348,"Dextral"
"A7",17,453,76,172,27,329,"Sinistral"
"A7",18,102,56,125,25,1,"Sinistral"
"A7",19,712,44,151,26,16,"Dextral"
"A7",20,915,27,144,26,334,"Dextral"
"A8",1,790,930,130,25,15,"Sinistral"
"A8",2,534,928,131,25,355,"Dextral"
"A8",3,169,876,161,27,1,"Dextral"
"A8",4,703,772,179,27,6,"Sinistral"
"A8",5,518,748,147,26,357,"Sinistral"
"A8",6,942,727,207,29,9,"Sinistral"
"A8",7,71,655,151,26,9,"Sinistral"
"A8",8,771,579,109,24,7,"Dextral"
"A8",9,383,553,147,26,6,"Dextral"
"A8",10,573,491,121,24,19,"Dextral"
"A8",11,26,442,186,28,1,"Sinistral"
"A8",12,919,438,184,28,343,"Sinistral"
"A8",13,419,377,200,28,7,"Dextral"
"A8",14,182,357,117,24,28,"Dextral"
"A8",15,666,341,139,26,13,"Dextral"
"A8",16,885,247,228,29,23,"Sinistral"
"A8",17,456,171,133,25,333,"Dextral"
"A8",18,266,111,169,27,344,"Sinistral"
"A8",19,761,108,112,24,339,"Sinistral"
"A8",20,32,85,172,27,354,"Sinistral"
"A9",1,93,933,135,25,1,"Sinistral"
"A9",2,499,913,77,21,1,"Sinistral"
"A9",3,749,858,161,27,349,"Sinistral"
"A9",4,939,854,182,28,2,"Sinistral"
"A9",5,247,749,78,21,357,"Sinistral"
"A9",6,567,721,182,28,355,"Dextral"
"A9",7,950,674,165,27,14,"Sinistral"
"A9",8,760,647,132,25,14,"Sinistral"
"A9",9,485,527,135,25,357,"Dextral"
"A9",10,32,522,160,27,342,"Sinistral"
"A9",11,235,491,117,24,18,"Dextral"
"A9",12,702,453,169,27,343,"Sinistral"
"A9",13,852,354,121,24,31,"Sinistral"
"A9",14,394,323,126,25,345,"Dextral"
"A9",15,723,231,213,29,8,"Sinistral"
"A9",16,529,210,133,25,5,"Sinistral"
"A9",17,112,184,132,25,350,"Dextral"
"A9",18,893,63,114,24,354,"Dextral"
"A9",19,265,56,163,27,352,"Sinistral"
"A9",20,650,52,148,26,360,"Dextral"
"B1",1,797,931,170,27,346,"Dextral"
"B1",2,25,921,150,26,344,"Sinistral"
"B1",3,453,917,211,29,346,"Dextral"
"B1",4,259,866,137,25,358,"Sinistral"
"B1",5,649,815,91,22,8,"Dextral"
"B1",6,884,722,202,28,353,"Sinistral"
"B1",7,343,669,153,26,351,"Dextral"
"B1",8,33,638,139,25,351,"Sinistral"
"B1",9,655,611,119,24,36,"Sinistral"
"B1",10,948,549,214,29,13,"Dextral"
"B1",11,243,495,182,28,1,"Dextral"
"B1",12,596,377,168,27,10,"Dextral"
"B1",13,831,376,111,24,341,"Sinistral"
"B1",14,52,304,207,29,5,"Dextral"
"B1",15,251,294,174,27,33,"Sinistral"
"B1",16,462,256,160,27,348,"Sinistral"
"B1",17,59,107,132,25,11,"Dextral"
"B1",18,855,78,113,24,352,"Dextral"
"B1",19,589,71,130,25,358,"Sinistral"
"B1",20,365,50,143,26,340,"Sinistral"
"B10",1,885,926,107,24,9,"Dextral"
"B10",2,362,917,162,27,348,"Dextral"
"B10",3,108,863,211,29,349,"Dextral"
"B10",4,590,841,134,25,328,"Dextral"
"B10",5,157,692,160,27,4,"Dextral"
"B10",6,493,686,150,26,19,"Sinistral"
"B10",7,738,672,122,25,345,"Sinistral"
"B10",8,936,637,193,28,10,"Sinistral"
"B10",9,361,524,190,28,347,"Dextral"
"B10",10,46,516,124,25,18,"Dextral"
"B10",11,701,477,184,28,7,"Sinistral"
"B10",12,855,351,188,28,348,"Sinistral"
"B10",13,100,339,129,25,336,"Sinistral"
"B10",14,492,326,207,29,34,"Sinistral"
"B10",15,688,273,218,29,360,"Dextral"
"B10",16,302,180,180,28,3,"Dextral"
"B10",17,849,148,164,27,356,"Dextral"
"B10",18,566,142,168,27,6,"Dextral"
"B10",19,83,106,149,26,353,"Sinistral"
"B10",20,416,42,244,30,360,"Dextral"
"B2",1,880,926,196,28,345,"Dextral"
"B2",2,370,881,190,28,8,"Dextral"
"B2",3,661,834,148,26,349,"Sinistral"
"B2",4,52,823,176,27,344,"Dextral"
"B2",5,877,720,147,26,352,"Sinistral"
"B2",6,513,717,200,28,359,"Dextral"
"B2",7,303,635,164,27,1,"Dextral"
"B2",8,91,606,145,26,354,"Dextral"
"B2",9,802,457,160,27,359,"Dextral"
"B2",10,29,416,231,29,0,"Sinistral"
"B2",11,501,406,170,27,357,"Sinistral"
"B2",12,207,380,183,28,21,"Dextral"
"B2",13,921,286,222,29,346,"Dextral"
"B2",14,630,261,160,27,356,"Dextral"
"B2",15,67,233,210,29,348,"Sinistral"
"B2",16,270,208,168,27,8,"Sinistral"
"B2",17,793,145,116,24,1,"Dextral"
"B2",18,390,80,218,29,8,"Sinistral"
"B2",19,166,49,208,29,349,"Dextral"
"B2",20,574,29,196,28,353,"Sinistral"
"B3",1,69,858,183,28,34,"Dextral"
"B3",2,251,813,142,26,10,"Sinistral"
"B3",3,528,812,142,26,359,"Dextral"
"B3",4,733,771,113,24,3,"Dextral"
"B3",5,942,724,178,27,356,"Sinistral"
"B3",6,359,659,201,28,352,"Sinistral"
"B3",7,175,637,185,28,357,"Sinistral"
"B3",8,756,588,133,25,349,"Sinistral"
"B3",9,525,475,170,27,354,"Sinistral"
"B3",10,943,398,142,26,5,"Sinistral"
"B3",11,738,397,170,27,348,"Dextral"
"B3",12,312,369,154,26,23,"Dextral"
"B3",13,136,325,106,23,6,"Sinistral"
"B3",14,634,244,191,28,357,"Sinistral"
"B3",15,443,224,136,25,3,"Dextral"
"B3",16,822,211,233,29,336,"Dextral"
"B3",17,563,75,194,28,20,"Dextral"
"B3",18,127,75,145,26,19,"Dextral"
"B3",19,328,67,201,28,349,"Sinistral"
"B3",20,939,56,121,24,8,"Dextral"
"B4",1,455,945,125,25,355,"Dextral"
"B4",2,250,922,183,28,7,"Sinistral"
"B4",3,655,921,200,28,21,"Dextral"
"B4",4,939,896,183,28,339,"Sinistral"
"B4",5,75,865,172,27,4,"Dextral"
"B4",6,612,747,202,28,18,"Dextral"
"B4",7,142,667,215,29,342,"Sinistral"
"B4",8,917,658,162,27,9,"Dextral"
"B4",9,509,569,145,26,16,"Dextral"
"B4",10,278,486,150,26,359,"Dextral"
"B4",11,52,451,157,26,341,"Dextral"
"B4",12,885,442,164,27,351,"Dextral"
"B4",13,367,329,267,30,346,"Sinistral"
"B4",14,556,323,190,28,15,"Dextral"
"B4",15,144,292,175,27,12,"Sinistral"
"B4",16,773,270,189,28,19,"Dextral"
"B4",17,353,127,135,25,359,"Dextral"
"B4",18,906,125,136,25,7,"Dextral"
"B4",19,641,106,210,29,358,"Dextral"
"B4",20,190,46,110,24,354,"Sinistral"
"B5",1,525,926,173,27,358,"Dextral"
"B5",2,929,877,185,28,9,"Dextral"
"B5",3,736,851,190,28,360,"Sinistral"
"B5",4,332,823,168,27,338,"Dextral"
"B5",5,32,819,139,26,358,"Dextral"
"B5",6,592,741,219,29,20,"Dextral"
"B5",7,796,651,153,26,12,"Sinistral"
"B5",8,327,642,146,26,347,"Sinistral"
"B5",9,40,581,212,29,11,"Sinistral"
"B5",10,560,517,194,28,14,"Dextral"
"B5",11,913,437,235,30,352,"Sinistral"
"B5",12,118,424,138,25,20,"Sinistral"
"B5",13,738,373,137,25,345,"Dextral"
"B5",14,442,301,149,26,351,"Dextral"
"B5",15,927,226,129,25,355,"Sinistral"
"B5",16,45,195,199,28,5,"Dextral"
"B5",17,439,120,165,27,330,"Sinistral"
"B5",18,620,107,205,28,354,"Dextral"
"B5",19,257,99,178,27,355,"Dextral"
"B5",20,846,48,124,25,342,"Dextral"
"B6",1,471,932,134,25,346,"Dextral"
"B6",2,281,900,198,28,355,"Sinistral"
"B6",3,871,817,187,28,351,"Dextral"
"B6",4,567,776,160,27,343,"Dextral"
"B6",5,133,754,93,22,3,"Dextral"
"B6",6,328,668,131,25,354,"Sinistral"
"B6",7,595,602,141,26,355,"Dextral"
"B6",8,914,593,225,29,6,"Sinistral"
"B6",9,52,567,196,28,349,"Dextral"
"B6",10,375,484,115,24,360,"Sinistral"
"B6",11,772,464,148,26,350,"Dextral"
"B6",12,110,388,148,26,350,"Sinistral"
"B6",13,543,332,216,29,355,"Dextral"
"B6",14,946,318,193,28,347,"Dextral"
"B6",15,370,281,196,28,338,"Sinistral"
"B6",16,200,217,181,28,351,"Sinistral"
"B6",17,677,191,194,28,358,"Sinistral"
"B6",18,434,89,154,26,14,"Dextral"
"B6",19,915,66,136,25,348,"Sinistral"
"B6",20,56,33,141,26,5,"Dextral"
"B7",1,86,917,235,30,14,"Sinistral"
"B7",2,808,875,168,27,348,"Dextral"
"B7",3,545,858,140,26,15,"Sinistral"
"B7",4,334,823,155,26,10,"Sinistral"
"B7",5,171,709,143,26,5,"Sinistral"
"B7",6,716,652,199,28,3,"Dextral"
"B7",7,499,631,218,29,351,"Sinistral"
"B7",8,940,622,92,22,18,"Sinistral"
"B7",9,301,585,171,27,351,"Dextral"
"B7",10,45,483,181,28,353,"Sinistral"
"B7",11,691,443,232,29,4,"Sinistral"
"B7",12,514,420,138,25,3,"Dextral"
"B7",13,207,393,97,23,358,"Dextral"
"B7",14,817,295,125,25,0,"Dextral"
"B7",15,40,275,165,27,353,"Dextral"
"B7",16,560,250,150,26,9,"Dextral"
"B7",17,715,139,125,25,347,"Sinistral"
"B7",18,185,88,118,24,12,"Sinistral"
"B7",19,911,70,168,27,1,"Dextral"
"B7",20,401,32,104,23,348,"Sinistral"
"B8",1,891,919,184,28,24,"Sinistral"
"B8",2,448,915,152,26,6,"Sinistral"
"B8",3,83,903,166,27,6,"Dextral"
"B8",4,264,891,168,27,1,"Dextral"
"B8",5,708,809,198,28,24,"Sinistral"
"B8",6,262,715,152,26,359,"Sinistral"
"B8",7,908,699,190,28,7,"Dextral"
"B8",8,542,680,203,28,22,"Dextral"
"B8",9,720,610,127,25,12,"Sinistral"
"B8",10,388,578,125,25,12,"Sinistral"
"B8",11,177,528,89,22,17,"Dextral"
"B8",12,545,410,145,26,353,"Sinistral"
"B8",13,812,393,113,24,10,"Sinistral"
"B8",14,372,291,144,26,9,"Sinistral"
"B8",15,36,251,126,25,17,"Dextral"
"B8",16,905,243,213,29,29,"Dextral"
"B8",17,716,178,114,24,355,"Sinistral"
"B8",18,253,107,149,26,358,"Sinistral"
"B8",19,525,46,194,28,352,"Sinistral"
"B8",20,889,30,184,28,2,"Dextral"
"B9",1,428,938,174,27,19,"Dextral"
"B9",2,810,936,246,30,333,"Dextral"
"B9",3,40,920,103,23,15,"Sinistral"
"B9",4,258,837,230,29,358,"Sinistral"
"B9",5,676,794,153,26,358,"Sinistral"
"B9",6,461,740,74,21,1,"Dextral"
"B9",7,297,645,186,28,1,"Dextral"
"B9",8,824,636,160,27,356,"Sinistral"
"B9",9,105,616,131,25,6,"Sinistral"
"B9",10,698,490,95,23,354,"Sinistral"
"B9",11,934,479,178,27,335,"Sinistral"
"B9",12,54,442,189,28,355,"Sinistral"
"B9",13,525,427,178,27,19,"Sinistral"
"B9",14,302,382,131,25,27,"Dextral"
"B9",15,66,253,127,25,349,"Sinistral"
"B9",16,615,243,160,27,346,"Dextral"
"B9",17,929,222,207,29,345,"Sinistral"
"B9",18,404,180,143,26,356,"Dextral"
"B9",19,176,35,128,25,13,"Dextral"
"B9",20,813,32,136,25,359,"Dextral"
"C1",1,449,947,215,29,352,"Dextral"
"C1",2,162,921,172,27,9,"Sinistral"
"C1",3,855,865,169,27,24,"Dextral"
"C1",4,617,837,121,24,15,"Dextral"
"C1",5,324,810,147,26,356,"Dextral"
"C1",6,26,808,202,28,344,"Dextral"
"C1",7,444,676,179,27,2,"Sinistral"
"C1",8,104,578,159,27,347,"Sinistral"
"C1",9,795,556,131,25,5,"Sinistral"
"C1",10,600,499,130,25,5,"Dextral"
"C1",11,367,497,168,27,337,"Sinistral"
"C1",12,749,356,175,27,352,"Dextral"
"C1",13,932,344,174,27,359,"Dextral"
"C1",14,248,297,135,25,1,"Dextral"
"C1",15,48,282,194,28,18,"Sinistral"
"C1",16,574,261,158,26,359,"Sinistral"
"C1",17,846,164,134,25,9,"Dextral"
"C1",18,172,131,131,25,341,"Dextral"
"C1",19,463,88,156,26,1,"Dextral"
"C1",20,683,75,171,27,345,"Dextral"
"C10",1,446,947,236,30,342,"Dextral"
"C10",2,642,920,158,27,8,"Dextral"
"C10",3,819,903,195,28,355,"Dextral"
"C10",4,88,887,111,24,348,"Sinistral"
"C10",5,285,856,160,27,1,"Dextral"
"C10",6,493,774,189,28,358,"Sinistral"
"C10",7,851,649,133,25,350,"Sinistral"
"C10",8,628,622,135,25,1,"Dextral"
"C10",9,136,608,158,26,338,"Sinistral"
"C10",10,334,506,136,25,355,"Dextral"
"C10",11,947,429,198,28,1,"Sinistral"
"C10",12,607,420,178,27,354,"Dextral"
"C10",13,106,383,156,26,358,"Dextral"
"C10",14,765,333,144,26,360,"Dextral"
"C10",15,346,270,190,28,346,"Dextral"
"C10",16,92,174,149,26,352,"Sinistral"
"C10",17,618,163,130,25,4,"Sinistral"
"C10",18,861,151,179,27,352,"Dextral"
"C10",19,376,95,162,27,5,"Dextral"
"C10",20,206,33,260,30,17,"Dextral"
"C2",1,824,927,169,27,8,"Sinistral"
"C2",2,82,926,191,28,349,"Dextral"
"C2",3,594,863,158,26,25,"Dextral"
"C2",4,310,796,169,27,15,"Sinistral"
"C2",5,127,756,103,23,23,"Sinistral"
"C2",6,488,718,155,26,2,"Sinistral"
"C2",7,728,692,190,28,10,"Sinistral"
"C2",8,929,636,168,27,357,"Sinistral"
"C2",9,667,504,152,26,7,"Dextral"
"C2",10,357,490,174,27,14,"Sinistral"
"C2",11,160,480,143,26,344,"Sinistral"
"C2",12,775,330,151,26,6,"Sinistral"
"C2",13,566,315,158,27,360,"Sinistral"
"C2",14,281,277,152,26,352,"Sinistral"
"C2",15,938,247,167,27,360,"Dextral"
"C2",16,71,223,175,27,359,"Sinistral"
"C2",17,411,148,172,27,350,"Dextral"
"C2",18,612,114,243,30,3,"Sinistral"
"C2",19,791,43,233,29,355,"Sinistral"
"C2",20,136,40,172,27,336,"Dextral"
"C3",1,130,916,176,27,354,"Sinistral"
"C3",2,879,912,178,27,8,"Dextral"
"C3",3,345,842,182,28,33,"Sinistral"
"C3",4,570,794,166,27,7,"Sinistral"
"C3",5,747,791,143,26,359,"Sinistral"
"C3",6,458,648,164,27,3,"Sinistral"
"C3",7,854,631,146,26,343,"Sinistral"
"C3",8,118,625,100,23,7,"Dextral"
"C3",9,678,614,246,30,344,"Sinistral"
"C3",10,486,452,167,27,28,"Dextral"
"C3",11,664,439,185,28,334,"Sinistral"
"C3",12,210,431,128,25,353,"Dextral"
"C3",13,927,368,168,27,18,"Dextral"
"C3",14,36,302,151,26,18,"Sinistral"
"C3",15,699,266,134,25,359,"Dextral"
"C3",16,286,200,149,26,354,"Dextral"
"C3",17,582,121,126,25,4,"Dextral"
"C3",18,920,64,201,28,356,"Sinistral"
"C3",19,134,57,187,28,17,"Sinistral"
"C3",20,409,53,210,29,346,"Dextral"
"C4",1,671,946,192,28,15,"Sinistral"
"C4",2,461,908,190,28,355,"Dextral"
"C4",3,70,904,213,29,6,"Dextral"
"C4",4,261,843,172,27,11,"Dextral"
"C4",5,902,834,171,27,348,"Sinistral"
"C4",6,625,726,106,23,358,"Sinistral"
"C4",7,415,714,106,23,352,"Dextral"
"C4",8,39,646,149,26,14,"Sinistral"
"C4",9,790,621,171,27,345,"Sinistral"
"C4",10,281,594,147,26,337,"Sinistral"
"C4",11,926,439,155,26,351,"Dextral"
"C4",12,746,439,144,26,4,"Sinistral"
"C4",13,539,425,154,26,11,"Sinistral"
"C4",14,287,343,160,27,19,"Dextral"
"C4",15,719,264,163,27,343,"Dextral"
"C4",16,423,201,197,28,342,"Dextral"
"C4",17,91,144,171,27,0,"Dextral"
"C4",18,541,58,171,27,357,"Dextral"
"C4",19,848,54,145,26,3,"Sinistral"
"C4",20,295,36,132,25,353,"Sinistral"
"C5",1,747,940,205,28,20,"Sinistral"
"C5",2,329,934,218,29,355,"Dextral"
"C5",3,568,892,133,25,355,"Sinistral"
"C5",4,168,836,179,27,344,"Dextral"
"C5",5,864,802,146,26,9,"Sinistral"
"C5",6,406,753,139,26,351,"Dextral"
"C5",7,698,681,112,24,14,"Dextral"
"C5",8,324,597,161,27,14,"Sinistral"
"C5",9,874,505,139,25,14,"Dextral"
"C5",10,73,488,150,26,12,"Dextral"
"C5",11,546,481,131,25,8,"Sinistral"
"C5",12,378,397,104,23,8,"Dextral"
"C5",13,941,310,181,28,3,"Sinistral"
"C5",14,756,274,151,26,359,"Sinistral"
"C5",15,234,259,138,25,357,"Sinistral"
"C5",16,579,244,160,27,354,"Sinistral"
"C5",17,34,127,184,28,17,"Sinistral"
"C5",18,339,97,198,28,13,"Sinistral"
"C5",19,772,48,135,25,8,"Dextral"
"C5",20,564,39,137,25,4,"Dextral"
"C6",1,170,945,161,27,4,"Dextral"
"C6",2,661,907,145,26,351,"Dextral"
"C6",3,466,887,126,25,7,"Dextral"
"C6",4,946,880,203,28,359,"Dextral"
"C6",5,167,689,140,26,3,"Dextral"
"C6",6,366,668,208,29,345,"Sinistral"
"C6",7,546,627,195,28,1,"Sinistral"
"C6",8,918,587,159,27,351,"Sinistral"
"C6",9,716,559,146,26,19,"Sinistral"
"C6",10,38,480,162,27,344,"Dextral"
"C6",11,395,431,127,25,4,"Dextral"
"C6",12,708,357,181,28,18,"Dextral"
"C6",13,175,355,217,29,5,"Dextral"
"C6",14,466,264,209,29,349,"Sinistral"
"C6",15,880,234,157,26,12,"Dextral"
"C6",16,642,190,123,25,357,"Dextral"
"C6",17,29,171,155,26,351,"Sinistral"
"C6",18,290,158,149,26,347,"Dextral"
"C6",19,498,74,199,28,349,"Dextral"
"C6",20,807,43,159,27,357,"Dextral"
"C7",1,420,929,169,27,8,"Dextral"
"C7",2,182,910,170,27,355,"Dextral"
"C7",3,633,908,173,27,338,"Dextral"
"C7",4,822,852,143,26,4,"Sinistral"
"C7",5,98,711,103,23,10,"Dextral"
"C7",6,627,685,176,27,10,"Dextral"
"C7",7,434,653,157,26,327,"Dextral"
"C7",8,938,649,135,25,341,"Sinistral"
"C7",9,31,542,155,26,350,"Dextral"
"C7",10,693,515,190,28,12,"Dextral"
"C7",11,278,459,149,26,12,"Sinistral"
"C7",12,484,450,129,25,26,"Dextral"
"C7",13,871,439,190,28,359,"Sinistral"
"C7",14,714,338,130,25,344,"Sinistral"
"C7",15,95,308,146,26,11,"Dextral"
"C7",16,282,208,189,28,345,"Dextral"
"C7",17,500,165,150,26,354,"Dextral"
"C7",18,903,148,171,27,348,"Sinistral"
"C7",19,695,62,110,24,24,"Sinistral"
"C7",20,121,53,138,25,15,"Dextral"
"C8",1,284,916,175,27,15,"Sinistral"
"C8",2,692,878,173,27,14,"Sinistral"
"C8",3,111,845,142,26,6,"Dextral"
"C8",4,868,811,178,27,358,"Sinistral"
"C8",5,470,793,127,25,331,"Sinistral"
"C8",6,216,695,183,28,354,"Sinistral"
"C8",7,718,638,174,27,359,"Sinistral"
"C8",8,899,590,104,23,1,"Dextral"
"C8",9,449,505,156,26,8,"Sinistral"
"C8",10,252,458,153,26,349,"Sinistral"
"C8",11,38,423,176,27,336,"Sinistral"
"C8",12,641,345,194,28,349,"Dextral"
"C8",13,846,321,151,26,14,"Sinistral"
"C8",14,412,276,172,27,350,"Sinistral"
"C8",15,150,199,113,24,9,"Sinistral"
"C8",16,584,176,178,27,357,"Dextral"
"C8",17,397,68,125,25,12,"Dextral"
"C8",18,838,57,190,28,338,"Dextral"
"C8",19,29,47,230,29,16,"Sinistral"
"C8",20,212,31,203,28,346,"Dextral"
"C9",1,98,913,150,26,356,"Sinistral"
"C9",2,456,911,103,23,12,"Dextral"
"C9",3,767,905,189,28,342,"Dextral"
"C9",4,879,764,156,26,347,"Dextral"
"C9",5,267,732,194,28,11,"Sinistral"
"C9",6,45,717,176,27,1,"Sinistral"
"C9",7,559,651,173,27,350,"Dextral"
"C9",8,103,536,159,27,359,"Sinistral"
"C9",9,379,504,135,25,351,"Dextral"
"C9",10,914,491,212,29,340,"Dextral"
"C9",11,723,441,105,23,6,"Dextral"
"C9",12,538,400,188,28,5,"Dextral"
"C9",13,55,348,178,27,7,"Dextral"
"C9",14,267,311,206,29,357,"Dextral"
"C9",15,950,261,153,26,345,"Dextral"
"C9",16,133,176,132,25,10,"Dextral"
"C9",17,535,164,175,27,347,"Sinistral"
"C9",18,354,138,176,27,354,"Sinistral"
"C9",19,829,132,141,26,5,"Sinistral"
"C9",20,681,27,194,28,353,"Dextral"
"D1",1,719,925,183,28,353,"Dextral"
"D1",2,78,921,178,27,16,"Sinistral"
"D1",3,305,906,158,26,3,"Dextral"
"D1",4,896,878,173,27,347,"Dextral"
"D1",5,514,794,147,26,4,"Sinistral"
"D1",6,121,750,113,24,353,"Dextral"
"D1",7,327,699,175,27,355,"Sinistral"
"D1",8,786,673,137,25,6,"Dextral"
"D1",9,947,585,187,28,9,"Dextral"
"D1",10,555,563,116,24,40,"Dextral"
"D1",11,56,498,164,27,1,"Dextral"
"D1",12,340,496,120,24,334,"Dextral"
"D1",13,828,406,117,24,351,"Dextral"
"D1",14,508,372,147,26,8,"Dextral"
"D1",15,113,272,140,26,329,"Sinistral"
"D1",16,525,184,129,25,356,"Dextral"
"D1",17,854,157,177,27,347,"Sinistral"
"D1",18,686,104,145,26,359,"Sinistral"
"D1",19,390,56,180,28,1,"Dextral"
"D1",20,198,48,147,26,352,"Dextral"
"D10",1,375,925,142,26,349,"Dextral"
"D10",2,75,889,170,27,349,"Sinistral"
"D10",3,571,887,199,28,5,"Sinistral"
"D10",4,801,874,123,25,8,"Sinistral"
"D10",5,282,742,154,26,13,"Sinistral"
"D10",6,917,674,157,26,12,"Sinistral"
"D10",7,675,653,132,25,16,"Sinistral"
"D10",8,28,621,145,26,6,"Sinistral"
"D10",9,344,543,162,27,1,"Sinistral"
"D10",10,713,467,174,27,345,"Dextral"
"D10",11,912,458,164,27,13,"Sinistral"
"D10",12,128,432,185,28,20,"Sinistral"
"D10",13,342,331,213,29,7,"Dextral"
"D10",14,831,236,121,24,11,"Dextral"
"D10",15,192,234,101,23,11,"Dextral"
"D10",16,530,220,114,24,345,"Dextral"
"D10",17,61,95,203,28,14,"Dextral"
"D10",18,344,66,156,26,353,"Dextral"
"D10",19,918,54,201,28,10,"Dextral"
"D10",20,742,43,195,28,353,"Dextral"
"D2",1,837,935,133,25,360,"Dextral"
"D2",2,97,927,164,27,18,"Sinistral"
"D2",3,371,805,164,27,349,"Sinistral"
"D2",4,549,791,183,28,351,"Dextral"
"D2",5,30,763,206,29,3,"Sinistral"
"D2",6,701,704,117,24,357,"Sinistral"
"D2",7,943,685,141,26,3,"Dextral"
"D2",8,245,627,141,26,354,"Dextral"
"D2",9,64,591,143,26,8,"Sinistral"
"D2",10,750,497,158,27,6,"Sinistral"
"D2",11,949,487,191,28,1,"Dextral"
"D2",12,338,463,171,27,13,"Dextral"
"D2",13,600,374,137,25,351,"Sinistral"
"D2",14,221,308,121,24,1,"Dextral"
"D2",15,45,278,150,26,14,"Dextral"
"D2",16,814,255,127,25,7,"Dextral"
"D2",17,376,224,148,26,360,"Sinistral"
"D2",18,646,189,150,26,5,"Sinistral"
"D2",19,820,48,220,29,13,"Sinistral"
"D2",20,150,35,170,27,354,"Sinistral"
"D3",1,733,915,72,21,356,"Dextral"
"D3",2,109,914,151,26,356,"Dextral"
"D3",3,324,834,151,26,4,"Dextral"
"D3",4,902,749,144,26,359,"Sinistral"
"D3",5,696,734,208,29,347,"Sinistral"
"D3",6,507,715,105,23,31,"Dextral"
"D3",7,82,703,206,29,354,"Sinistral"
"D3",8,204,567,152,26,331,"Sinistral"
"D3",9,642,531,115,24,14,"Sinistral"
"D3",10,946,511,172,27,352,"Dextral"
"D3",11,393,511,153,26,342,"Sinistral"
"D3",12,97,349,132,25,347,"Sinistral"
"D3",13,518,324,160,27,4,"Sinistral"
"D3",14,283,321,192,28,351,"Dextral"
"D3",15,852,310,129,25,355,"Dextral"
"D3",16,195,167,180,28,351,"Dextral"
"D3",17,409,112,169,27,2,"Dextral"
"D3",18,925,103,185,28,333,"Dextral"
"D3",19,680,80,149,26,6,"Dextral"
"D3",20,57,25,180,27,13,"Dextral"
"D4",1,51,932,197,28,5,"Dextral"
"D4",2,809,924,178,27,343,"Sinistral"
"D4",3,217,849,155,26,338,"Sinistral"
"D4",4,444,829,170,27,358,"Sinistral"
"D4",5,706,774,144,26,7,"Sinistral"
"D4",6,30,751,140,26,336,"Dextral"
"D4",7,916,713,109,24,342,"Sinistral"
"D4",8,126,590,123,25,360,"Sinistral"
"D4",9,629,583,118,24,16,"Sinistral"
"D4",10,314,580,166,27,350,"Sinistral"
"D4",11,890,490,154,26,3,"Sinistral"
"D4",12,62,415,207,29,11,"Sinistral"
"D4",13,745,349,220,29,349,"Dextral"
"D4",14,564,328,128,25,353,"Sinistral"
"D4",15,318,323,213,29,24,"Dextral"
"D4",16,70,221,180,27,355,"Dextral"
"D4",17,295,102,163,27,357,"Sinistral"
"D4",18,660,73,110,24,354,"Dextral"
"D4",19,471,43,147,26,337,"Sinistral"
"D4",20,870,28,170,27,2,"Sinistral"
"D5",1,187,943,139,26,3,"Sinistral"
"D5",2,947,911,179,27,340,"Sinistral"
"D5",3,748,886,87,22,3,"Dextral"
"D5",4,408,807,127,25,15,"Sinistral"
"D5",5,44,802,203,28,358,"Sinistral"
"D5",6,624,728,161,27,343,"Sinistral"
"D5",7,254,693,201,28,10,"Sinistral"
"D5",8,949,663,160,27,356,"Sinistral"
"D5",9,30,584,154,26,358,"Sinistral"
"D5",10,430,557,138,25,339,"Sinistral"
"D5",11,725,546,103,23,16,"Dextral"
"D5",12,237,464,223,29,338,"Sinistral"
"D5",13,897,375,132,25,347,"Sinistral"
"D5",14,692,369,118,24,337,"Sinistral"
"D5",15,489,341,155,26,330,"Sinistral"
"D5",16,172,292,148,26,20,"Dextral"
"D5",17,304,160,160,27,25,"Dextral"
"D5",18,623,80,117,24,4,"Sinistral"
"D5",19,104,67,120,24,11,"Sinistral"
"D5",20,920,33,152,26,4,"Dextral"
"D6",1,62,921,187,28,17,"Sinistral"
"D6",2,733,913,196,28,358,"Dextral"
"D6",3,256,900,180,27,5,"Dextral"
"D6",4,917,849,137,25,1,"Dextral"
"D6",5,498,803,181,28,358,"Dextral"
"D6",6,96,657,138,25,6,"Sinistral"
"D6",7,773,633,158,26,359,"Sinistral"
"D6",8,533,631,236,30,353,"Sinistral"
"D6",9,360,572,146,26,354,"Dextral"
"D6",10,534,452,130,25,10,"Sinistral"
"D6",11,872,396,125,25,12,"Sinistral"
"D6",12,89,382,162,27,6,"Dextral"
"D6",13,639,265,127,25,343,"Sinistral"
"D6",14,949,228,214,29,12,"Sinistral"
"D6",15,318,225,131,25,338,"Sinistral"
"D6",16,36,198,145,26,14,"Dextral"
"D6",17,782,138,146,26,15,"Sinistral"
"D6",18,226,48,119,24,27,"Sinistral"
"D6",19,415,47,212,29,10,"Dextral"
"D6",20,595,26,187,28,356,"Dextral"
"D7",1,762,948,169,27,17,"Sinistral"
"D7",2,944,943,198,28,4,"Dextral"
"D7",3,547,877,171,27,15,"Sinistral"
"D7",4,247,839,168,27,359,"Dextral"
"D7",5,744,752,110,24,14,"Dextral"
"D7",6,75,751,199,28,25,"Dextral"
"D7",7,382,691,161,27,346,"Dextral"
"D7",8,929,689,140,26,8,"Dextral"
"D7",9,656,567,139,26,354,"Sinistral"
"D7",10,104,535,180,28,353,"Dextral"
"D7",11,445,517,210,29,15,"Sinistral"
"D7",12,786,441,116,24,20,"Sinistral"
"D7",13,333,372,145,26,1,"Dextral"
"D7",14,117,324,190,28,17,"Sinistral"
"D7",15,528,300,185,28,12,"Sinistral"
"D7",16,838,262,188,28,356,"Dextral"
"D7",17,372,114,97,23,354,"Dextral"
"D7",18,942,106,134,25,3,"Sinistral"
"D7",19,623,86,177,27,19,"Sinistral"
"D7",20,78,65,185,28,355,"Dextral"
"D8",1,342,939,191,28,11,"Dextral"
"D8",2,662,937,180,27,326,"Sinistral"
"D8",3,812,836,167,27,3,"Sinistral"
"D8",4,165,804,150,26,18,"Dextral"
"D8",5,513,789,134,25,13,"Dextral"
"D8",6,832,658,151,26,352,"Dextral"
"D8",7,649,652,201,28,10,"Dextral"
"D8",8,43,622,199,28,346,"Dextral"
"D8",9,229,569,154,26,353,"Dextral"
"D8",10,454,529,173,27,20,"Sinistral"
"D8",11,663,443,165,27,7,"Sinistral"
"D8",12,857,440,170,27,14,"Dextral"
"D8",13,369,372,155,26,357,"Dextral"
"D8",14,35,349,183,28,348,"Sinistral"
"D8",15,235,231,156,26,354,"Sinistral"
"D8",16,422,200,189,28,7,"Sinistral"
"D8",17,834,179,106,23,350,"Dextral"
"D8",18,630,130,73,21,359,"Sinistral"
"D8",19,64,82,164,27,16,"Sinistral"
"D8",20,305,57,134,25,2,"Sinistral"
"D9",1,515,944,160,27,353,"Sinistral"
"D9",2,922,942,170,27,345,"Dextral"
"D9",3,729,942,131,25,5,"Dextral"
"D9",4,103,930,199,28,1,"Sinistral"
"D9",5,170,751,131,25,338,"Sinistral"
"D9",6,520,730,129,25,352,"Sinistral"
"D9",7,873,716,194,28,20,"Sinistral"
"D9",8,324,595,244,30,338,"Sinistral"
"D9",9,127,564,133,25,3,"Sinistral"
"D9",10,483,519,135,25,347,"Sinistral"
"D9",11,779,480,151,26,352,"Sinistral"
"D9",12,346,361,120,24,10,"Dextral"
"D9",13,904,335,146,26,8,"Sinistral"
"D9",14,721,308,205,28,358,"Sinistral"
"D9",15,52,261,115,24,11,"Sinistral"
"D9",16,567,160,128,25,14,"Sinistral"
"D9",17,352,107,174,27,334,"Sinistral"
"D9",18,935,80,170,27,33,"Sinistral"
"D9",19,152,73,211,29,348,"Dextral"
"D9",20,730,63,125,25,10,"Sinistral"
"E1",1,274,922,143,26,354,"Sinistral"
"E1",2,56,920,170,27,353,"Sinistral"
"E1",3,638,866,110,24,7,"Dextral"
"E1",4,838,779,156,26,356,"Sinistral"
"E1",5,537,717,158,27,354,"Sinistral"
"E1",6,113,694,168,27,357,"Sinistral"
"E1",7,699,614,241,30,10,"Dextral"
"E1",8,280,602,136,25,9,"Sinistral"
"E1",9,847,481,123,25,10,"Dextral"
"E1",10,545,477,91,22,355,"Dextral"
"E1",11,26,470,139,26,356,"Dextral"
"E1",12,259,424,111,24,26,"Dextral"
"E1",13,648,314,196,28,0,"Sinistral"
"E1",14,447,295,176,27,2,"Dextral"
"E1",15,847,281,101,23,4,"Sinistral"
"E1",16,149,234,150,26,19,"Sinistral"
"E1",17,615,139,71,20,348,"Dextral"
"E1",18,793,94,199,28,359,"Dextral"
"E1",19,57,59,192,28,345,"Sinistral"
"E1",20,327,30,132,25,3,"Sinistral"
"E10",1,829,946,116,24,11,"Dextral"
"E10",2,301,908,135,25,338,"Sinistral"
"E10",3,553,892,100,23,2,"Sinistral"
"E10",4,25,790,190,28,344,"Sinistral"
"E10",5,912,771,173,27,351,"Sinistral"
"E10",6,692,750,167,27,3,"Sinistral"
"E10",7,469,721,140,26,326,"Dextral"
"E10",8,164,619,150,26,16,"Dextral"
"E10",9,360,499,163,27,2,"Sinistral"
"E10",10,896,444,172,27,26,"Sinistral"
"E10",11,566,423,197,28,334,"Sinistral"
"E10",12,299,329,172,27,4,"Dextral"
"E10",13,784,292,137,25,9,"Dextral"
"E10",14,39,275,176,27,348,"Sinistral"
"E10",15,532,238,155,26,7,"Dextral"
"E10",16,946,180,181,28,13,"Sinistral"
"E10",17,197,137,139,26,14,"Sinistral"
"E10",18,414,60,192,28,23,"Dextral"
"E10",19,644,45,170,27,6,"Sinistral"
"E10",20,38,43,166,27,15,"Dextral"
"E2",1,595,924,198,28,345,"Sinistral"
"E2",2,53,851,120,24,358,"Sinistral"
"E2",3,238,848,134,25,13,"Sinistral"
"E2",4,758,825,155,26,344,"Sinistral"
"E2",5,935,745,176,27,356,"Sinistral"
"E2",6,421,738,146,26,1,"Dextral"
"E2",7,600,715,184,28,9,"Sinistral"
"E2",8,781,651,184,28,353,"Dextral"
"E2",9,265,612,203,28,1,"Dextral"
"E2",10,604,473,184,28,354,"Dextral"
"E2",11,403,463,156,26,22,"Sinistral"
"E2",12,34,449,147,26,16,"Sinistral"
"E2",13,948,394,151,26,10,"Dextral"
"E2",14,187,275,162,27,16,"Dextral"
"E2",15,412,216,164,27,359,"Sinistral"
"E2",16,586,176,184,28,7,"Dextral"
"E2",17,924,141,223,29,355,"Sinistral"
"E2",18,98,104,168,27,11,"Dextral"
"E2",19,718,61,130,25,358,"Dextral"
"E2",20,330,51,230,29,12,"Dextral"
"E3",1,163,932,193,28,360,"Dextral"
"E3",2,726,910,139,26,29,"Dextral"
"E3",3,908,897,196,28,353,"Dextral"
"E3",4,450,811,139,26,353,"Sinistral"
"E3",5,41,785,170,27,359,"Dextral"
"E3",6,851,673,129,25,354,"Dextral"
"E3",7,311,637,182,28,21,"Sinistral"
"E3",8,621,622,163,27,345,"Sinistral"
"E3",9,136,602,172,27,340,"Dextral"
"E3",10,711,468,200,28,0,"Dextral"
"E3",11,902,456,179,27,7,"Sinistral"
"E3",12,398,445,106,23,5,"Sinistral"
"E3",13,211,397,118,24,32,"Sinistral"
"E3",14,789,304,157,26,14,"Dextral"
"E3",15,538,272,167,27,358,"Dextral"
"E3",16,347,271,218,29,354,"Sinistral"
"E3",17,171,198,171,27,357,"Dextral"
"E3",18,465,100,148,26,1,"Sinistral"
"E3",19,879,86,140,26,16,"Dextral"
"E3",20,665,57,209,29,345,"Sinistral"
"E4",1,313,935,224,29,28,"Dextral"
"E4",2,748,924,165,27,6,"Sinistral"
"E4",3,555,908,218,29,350,"Dextral"
"E4",4,945,906,190,28,7,"Sinistral"
"E4",5,87,801,137,25,330,"Sinistral"
"E4",6,441,773,134,25,2,"Dextral"
"E4",7,701,611,134,25,359,"Sinistral"
"E4",8,68,583,207,29,352,"Sinistral"
"E4",9,253,561,161,27,25,"Sinistral"
"E4",10,503,516,130,25,3,"Dextral"
"E4",11,918,388,132,25,353,"Dextral"
"E4",12,590,335,173,27,349,"Sinistral"
"E4",13,181,289,143,26,338,"Sinistral"
"E4",14,778,277,197,28,339,"Dextral"
"E4",15,400,266,171,27,347,"Dextral"
"E4",16,947,168,190,28,18,"Sinistral"
"E4",17,599,117,90,22,356,"Sinistral"
"E4",18,45,113,166,27,20,"Dextral"
"E4",19,264,62,167,27,344,"Dextral"
"E4",20,781,60,160,27,6,"Sinistral"
"E5",1,794,942,197,28,22,"Dextral"
"E5",2,546,915,227,29,7,"Dextral"
"E5",3,338,842,136,25,355,"Dextral"
"E5",4,74,829,97,23,339,"Dextral"
"E5",5,946,796,166,27,15,"Dextral"
"E5",6,689,796,62,19,358,"Dextral"
"E5",7,253,619,149,26,345,"Dextral"
"E5",8,510,590,181,28,6,"Sinistral"
"E5",9,739,574,154,26,360,"Sinistral"
"E5",10,361,451,153,26,359,"Sinistral"
"E5",11,94,445,162,27,352,"Dextral"
"E5",12,620,402,160,27,19,"Dextral"
"E5",13,861,402,129,25,7,"Sinistral"
"E5",14,67,222,112,24,321,"Dextral"
"E5",15,446,205,162,27,355,"Dextral"
"E5",16,929,155,190,28,341,"Dextral"
"E5",17,746,140,146,26,13,"Dextral"
"E5",18,322,51,169,27,5,"Sinistral"
"E5",19,118,40,202,28,17,"Dextral"
"E5",20,520,36,211,29,357,"Dextral"
"E6",1,458,942,209,29,2,"Sinistral"
"E6",2,816,938,170,27,19,"Sinistral"
"E6",3,620,840,148,26,357,"Sinistral"
"E6",4,320,829,131,25,2,"Sinistral"
"E6",5,65,803,138,25,8,"Sinistral"
"E6",6,941,792,176,27,12,"Dextral"
"E6",7,252,648,123,25,21,"Dextral"
"E6",8,427,631,192,28,24,"Dextral"
"E6",9,608,609,97,23,351,"Dextral"
"E6",10,79,606,149,26,12,"Dextral"
"E6",11,855,587,156,26,357,"Sinistral"
"E6",12,204,415,125,25,27,"Sinistral"
"E6",13,490,398,136,25,356,"Sinistral"
"E6",14,816,352,172,27,351,"Sinistral"
"E6",15,593,236,106,23,0,"Dextral"
"E6",16,248,223,180,27,336,"Sinistral"
"E6",17,89,145,166,27,330,"Sinistral"
"E6",18,835,126,133,25,1,"Sinistral"
"E6",19,438,111,136,25,21,"Dextral"
"E6",20,661,37,185,28,21,"Sinistral"
"E7",1,895,923,166,27,12,"Dextral"
"E7",2,715,922,173,27,340,"Sinistral"
"E7",3,481,887,161,27,335,"Dextral"
"E7",4,213,826,147,26,7,"Sinistral"
"E7",5,518,699,230,29,350,"Sinistral"
"E7",6,932,655,113,24,356,"Dextral"
"E7",7,682,619,134,25,356,"Dextral"
"E7",8,342,583,146,26,17,"Dextral"
"E7",9,39,572,163,27,15,"Sinistral"
"E7",10,611,447,140,26,23,"Dextral"
"E7",11,949,433,218,29,359,"Dextral"
"E7",12,100,362,148,26,1,"Dextral"
"E7",13,791,323,204,28,343,"Dextral"
"E7",14,286,297,211,29,357,"Sinistral"
"E7",15,627,232,196,28,6,"Dextral"
"E7",16,937,203,200,28,2,"Sinistral"
"E7",17,454,151,141,26,14,"Sinistral"
"E7",18,128,61,151,26,353,"Sinistral"
"E7",19,602,42,227,29,357,"Dextral"
"E7",20,876,34,171,27,346,"Dextral"
"E8",1,589,943,154,26,6,"Dextral"
"E8",2,53,909,178,27,2,"Dextral"
"E8",3,935,908,174,27,3,"Dextral"
"E8",4,394,846,129,25,354,"Sinistral"
"E8",5,210,752,174,27,10,"Sinistral"
"E8",6,29,731,219,29,8,"Sinistral"
"E8",7,721,630,109,24,345,"Sinistral"
"E8",8,527,617,115,24,4,"Sinistral"
"E8",9,367,504,192,28,356,"Sinistral"
"E8",10,58,466,175,27,353,"Sinistral"
"E8",11,880,436,146,26,9,"Sinistral"
"E8",12,252,372,209,29,21,"Sinistral"
"E8",13,461,296,174,27,28,"Sinistral"
"E8",14,694,293,153,26,23,"Dextral"
"E8",15,114,257,170,27,355,"Dextral"
"E8",16,887,210,194,28,8,"Dextral"
"E8",17,329,86,134,25,352,"Dextral"
"E8",18,149,62,187,28,12,"Dextral"
"E8",19,544,38,182,28,346,"Sinistral"
"E8",20,768,36,203,28,357,"Sinistral"
"E9",1,756,941,194,28,355,"Dextral"
"E9",2,512,939,135,25,333,"Sinistral"
"E9",3,261,865,160,27,10,"Dextral"
"E9",4,56,802,186,28,26,"Dextral"
"E9",5,855,792,112,24,3,"Sinistral"
"E9",6,626,784,179,27,359,"Sinistral"
"E9",7,531,632,202,28,354,"Sinistral"
"E9",8,337,622,170,27,22,"Sinistral"
"E9",9,716,613,172,27,348,"Dextral"
"E9",10,192,497,180,27,357,"Sinistral"
"E9",11,889,489,178,27,4,"Dextral"
"E9",12,495,450,127,25,7,"Sinistral"
"E9",13,681,326,155,26,4,"Dextral"
"E9",14,256,317,183,28,358,"Dextral"
"E9",15,84,270,186,28,2,"Dextral"
"E9",16,913,228,165,27,354,"Dextral"
"E9",17,515,215,157,26,356,"Dextral"
"E9",18,689,122,153,26,10,"Sinistral"
"E9",19,239,90,183,28,360,"Sinistral"
"E9",20,33,53,155,26,332,"Dextral"
"F1",1,412,942,212,29,350,"Sinistral"
"F1",2,638,919,148,26,358,"Dextral"
"F1",3,902,906,138,25,355,"Dextral"
"F1",4,48,820,148,26,9,"Dextral"
"F1",5,312,779,143,26,18,"Dextral"
"F1",6,624,724,195,28,356,"Sinistral"
"F1",7,805,724,166,27,7,"Dextral"
"F1",8,137,625,138,25,356,"Dextral"
"F1",9,477,620,148,26,355,"Sinistral"
"F1",10,884,483,180,28,356,"Sinistral"
"F1",11,270,471,190,28,1,"Dextral"
"F1",12,581,470,172,27,0,"Dextral"
"F1",13,720,359,86,22,342,"Dextral"
"F1",14,341,280,135,25,20,"Dextral"
"F1",15,519,252,188,28,1,"Sinistral"
"F1",16,59,238,154,26,346,"Sinistral"
"F1",17,587,90,143,26,31,"Sinistral"
"F1",18,347,90,125,25,10,"Sinistral"
"F1",19,87,52,173,27,1,"Dextral"
"F1",20,942,39,168,27,15,"Dextral"
"F10",1,91,939,145,26,354,"Dextral"
"F10",2,322,933,130,25,24,"Sinistral"
"F10",3,791,922,215,29,22,"Dextral"
"F10",4,561,905,151,26,342,"Dextral"
"F10",5,950,797,159,27,4,"Sinistral"
"F10",6,573,719,170,27,356,"Dextral"
"F10",7,755,708,178,27,355,"Sinistral"
"F10",8,134,649,186,28,1,"Dextral"
"F10",9,381,627,116,24,355,"Dextral"
"F10",10,528,500,159,27,338,"Sinistral"
"F10",11,918,491,167,27,3,"Sinistral"
"F10",12,718,468,197,28,359,"Sinistral"
"F10",13,106,439,204,28,349,"Sinistral"
"F10",14,310,367,198,28,3,"Dextral"
"F10",15,579,307,198,28,5,"Sinistral"
"F10",16,790,248,172,27,340,"Dextral"
"F10",17,177,223,146,26,27,"Sinistral"
"F10",18,403,173,171,27,10,"Dextral"
"F10",19,75,54,155,26,359,"Dextral"
"F10",20,744,43,180,28,10,"Sinistral"
"F2",1,39,941,204,28,3,"Sinistral"
"F2",2,251,929,206,29,321,"Sinistral"
"F2",3,648,909,196,28,343,"Dextral"
"F2",4,934,907,157,26,347,"Sinistral"
"F2",5,445,867,132,25,29,"Sinistral"
"F2",6,172,770,180,27,347,"Dextral"
"F2",7,759,742,168,27,19,"Sinistral"
"F2",8,489,609,189,28,341,"Dextral"
"F2",9,58,545,151,26,10,"Dextral"
"F2",10,855,481,146,26,338,"Dextral"
"F2",11,442,422,118,24,351,"Dextral"
"F2",12,216,380,142,26,12,"Dextral"
"F2",13,663,376,118,24,19,"Dextral"
"F2",14,844,291,196,28,353,"Dextral"
"F2",15,60,204,155,26,11,"Dextral"
"F2",16,316,187,180,27,344,"Sinistral"
"F2",17,733,147,205,28,348,"Dextral"
"F2",18,550,113,132,25,4,"Dextral"
"F2",19,904,100,124,25,342,"Sinistral"
"F2",20,29,30,193,28,358,"Dextral"
"F3",1,813,900,119,24,3,"Sinistral"
"F3",2,545,874,154,26,354,"Sinistral"
"F3",3,111,858,153,26,3,"Sinistral"
"F3",4,323,855,89,22,7,"Dextral"
"F3",5,694,737,191,28,2,"Dextral"
"F3",6,892,708,150,26,356,"Sinistral"
"F3",7,410,697,171,27,356,"Dextral"
"F3",8,115,644,112,24,14,"Sinistral"
"F3",9,555,592,133,25,1,"Sinistral"
"F3",10,310,519,146,26,14,"Sinistral"
"F3",11,44,477,164,27,32,"Sinistral"
"F3",12,673,451,95,23,326,"Dextral"
"F3",13,929,329,152,26,8,"Dextral"
"F3",14,404,311,152,26,7,"Sinistral"
"F3",15,745,252,146,26,5,"Dextral"
"F3",16,231,180,150,26,10,"Dextral"
"F3",17,83,84,170,27,341,"Sinistral"
"F3",18,647,69,155,26,344,"Dextral"
"F3",19,449,68,211,29,14,"Dextral"
"F3",20,836,62,158,26,347,"Dextral"
"F4",1,91,910,196,28,360,"Sinistral"
"F4",2,780,905,118,24,346,"Dextral"
"F4",3,562,834,195,28,13,"Dextral"
"F4",4,378,825,136,25,5,"Dextral"
"F4",5,924,763,173,27,10,"Dextral"
"F4",6,153,721,138,25,12,"Sinistral"
"F4",7,654,668,168,27,358,"Sinistral"
"F4",8,386,616,189,28,8,"Dextral"
"F4",9,889,557,119,24,353,"Sinistral"
"F4",10,31,533,212,29,358,"Dextral"
"F4",11,273,469,167,27,354,"Sinistral"
"F4",12,561,460,159,27,355,"Sinistral"
"F4",13,56,330,173,27,35,"Dextral"
"F4",14,660,287,142,26,360,"Dextral"
"F4",15,858,215,150,26,4,"Sinistral"
"F4",16,230,204,106,23,358,"Sinistral"
"F4",17,424,204,159,27,34,"Dextral"
"F4",18,590,92,123,25,22,"Sinistral"
"F4",19,312,43,206,29,343,"Dextral"
"F4",20,944,32,189,28,358,"Dextral"
"F5",1,496,927,212,29,16,"Sinistral"
"F5",2,672,917,166,27,7,"Sinistral"
"F5",3,297,899,192,28,350,"Dextral"
"F5",4,887,886,179,27,0,"Dextral"
"F5",5,32,869,153,26,332,"Dextral"
"F5",6,433,716,143,26,351,"Sinistral"
"F5",7,906,643,185,28,349,"Sinistral"
"F5",8,613,642,167,27,2,"Sinistral"
"F5",9,156,642,121,24,11,"Sinistral"
"F5",10,540,476,148,26,355,"Sinistral"
"F5",11,740,446,150,26,348,"Sinistral"
"F5",12,176,370,154,26,356,"Sinistral"
"F5",13,355,370,97,23,348,"Dextral"
"F5",14,919,363,207,29,6,"Dextral"
"F5",15,643,238,144,26,6,"Dextral"
"F5",16,36,222,129,25,351,"Dextral"
"F5",17,923,155,127,25,351,"Sinistral"
"F5",18,338,100,166,27,351,"Sinistral"
"F5",19,131,37,206,29,353,"Sinistral"
"F5",20,614,31,157,26,341,"Sinistral"
"F6",1,922,923,181,28,2,"Dextral"
"F6",2,262,922,162,27,15,"Dextral"
"F6",3,467,907,215,29,2,"Sinistral"
"F6",4,738,906,213,29,22,"Sinistral"
"F6",5,120,805,148,26,358,"Dextral"
"F6",6,590,778,116,24,344,"Sinistral"
"F6",7,866,755,206,29,6,"Dextral"
"F6",8,360,735,181,28,349,"Sinistral"
"F6",9,27,626,225,29,347,"Sinistral"
"F6",10,578,590,198,28,23,"Sinistral"
"F6",11,756,540,154,26,354,"Dextral"
"F6",12,161,505,172,27,345,"Sinistral"
"F6",13,502,426,141,26,358,"Sinistral"
"F6",14,303,367,195,28,350,"Dextral"
"F6",15,114,312,159,27,1,"Sinistral"
"F6",16,797,310,186,28,343,"Dextral"
"F6",17,393,79,157,26,12,"Dextral"
"F6",18,599,76,160,27,2,"Dextral"
"F6",19,807,75,127,25,0,"Sinistral"
"F6",20,61,75,197,28,359,"Sinistral"
"F7",1,460,948,184,28,13,"Dextral"
"F7",2,791,896,159,27,8,"Sinistral"
"F7",3,96,880,110,24,8,"Sinistral"
"F7",4,347,781,139,26,13,"Sinistral"
"F7",5,579,777,118,24,24,"Sinistral"
"F7",6,892,681,156,26,359,"Dextral"
"F7",7,67,621,143,26,1,"Dextral"
"F7",8,254,575,148,26,354,"Dextral"
"F7",9,582,510,104,23,353,"Dextral"
"F7",10,792,486,153,26,350,"Dextral"
"F7",11,411,412,204,28,342,"Dextral"
"F7",12,63,371,173,27,13,"Sinistral"
"F7",13,255,320,195,28,30,"Sinistral"
"F7",14,566,312,142,26,3,"Dextral"
"F7",15,833,262,123,25,343,"Dextral"
"F7",16,152,167,148,26,354,"Sinistral"
"F7",17,317,105,171,27,360,"Sinistral"
"F7",18,839,79,180,27,353,"Dextral"
"F7",19,577,70,139,26,31,"Dextral"
"F7",20,35,26,205,28,357,"Sinistral"
"F8",1,29,947,150,26,360,"Dextral"
"F8",2,930,911,220,29,355,"Sinistral"
"F8",3,570,910,171,27,0,"Dextral"
"F8",4,167,830,212,29,345,"Sinistral"
"F8",5,774,824,119,24,22,"Dextral"
"F8",6,544,735,181,28,341,"Sinistral"
"F8",7,296,708,103,23,8,"Sinistral"
"F8",8,846,652,193,28,357,"Sinistral"
"F8",9,103,579,145,26,5,"Dextral"
"F8",10,496,524,190,28,7,"Sinistral"
"F8",11,302,515,157,26,357,"Dextral"
"F8",12,670,499,98,23,337,"Sinistral"
"F8",13,860,367,178,27,359,"Dextral"
"F8",14,175,338,167,27,2,"Sinistral"
"F8",15,484,263,153,26,342,"Sinistral"
"F8",16,689,222,162,27,3,"Dextral"
"F8",17,879,147,180,27,25,"Dextral"
"F8",18,264,130,189,28,360,"Dextral"
"F8",19,34,105,132,25,25,"Dextral"
"F8",20,553,87,144,26,11,"Dextral"
"F9",1,833,938,168,27,14,"Sinistral"
"F9",2,350,887,174,27,12,"Sinistral"
"F9",3,83,877,159,27,3,"Dextral"
"F9",4,650,877,166,27,17,"Dextral"
"F9",5,355,702,165,27,348,"Dextral"
"F9",6,865,690,113,24,5,"Sinistral"
"F9",7,656,573,145,26,2,"Sinistral"
"F9",8,46,570,173,27,343,"Sinistral"
"F9",9,345,432,146,26,8,"Dextral"
"F9",10,578,414,254,30,4,"Dextral"
"F9",11,947,389,209,29,5,"Sinistral"
"F9",12,95,314,109,24,359,"Sinistral"
"F9",13,776,279,177,27,15,"Sinistral"
"F9",14,327,202,192,28,5,"Dextral"
"F9",15,519,199,148,26,7,"Sinistral"
"F9",16,857,108,140,26,344,"Dextral"
"F9",17,616,51,206,29,352,"Dextral"
"F9",18,35,40,169,27,360,"Dextral"
"F9",19,398,28,230,29,358,"Sinistral"
"F9",20,223,28,133,25,348,"Dextral"
"G1",1,50,931,143,26,356,"Sinistral"
"G1",2,742,889,181,28,339,"Dextral"
"G1",3,440,877,139,26,356,"Sinistral"
"G1",4,930,767,203,28,7,"Sinistral"
"G1",5,127,753,171,27,343,"Sinistral"
"G1",6,687,723,152,26,12,"Dextral"
"G1",7,372,618,182,28,5,"Dextral"
"G1",8,833,570,217,29,348,"Sinistral"
"G1",9,637,498,157,26,352,"Sinistral"
"G1",10,467,438,158,27,356,"Sinistral"
"G1",11,122,420,164,27,24,"Dextral"
"G1",12,933,407,182,28,3,"Dextral"
"G1",13,359,264,122,25,347,"Dextral"
"G1",14,106,244,182,28,6,"Sinistral"
"G1",15,828,215,211,29,10,"Dextral"
"G1",16,644,143,150,26,18,"Dextral"
"G1",17,438,60,160,27,11,"Sinistral"
"G1",18,244,53,201,28,5,"Dextral"
"G1",19,32,52,200,28,360,"Sinistral"
"G1",20,791,33,100,23,18,"Dextral"
"G10",1,900,948,149,26,336,"Sinistral"
"G10",2,558,886,223,29,5,"Dextral"
"G10",3,323,853,119,24,354,"Dextral"
"G10",4,135,794,136,25,12,"Dextral"
"G10",5,757,751,142,26,17,"Sinistral"
"G10",6,932,717,227,29,5,"Sinistral"
"G10",7,529,624,162,27,357,"Sinistral"
"G10",8,831,529,168,27,343,"Sinistral"
"G10",9,349,500,118,24,332,"Sinistral"
"G10",10,124,457,120,24,355,"Dextral"
"G10",11,579,449,163,27,356,"Dextral"
"G10",12,439,337,178,27,6,"Dextral"
"G10",13,933,272,141,26,353,"Dextral"
"G10",14,27,265,184,28,352,"Dextral"
"G10",15,706,257,148,26,357,"Dextral"
"G10",16,280,237,130,25,3,"Dextral"
"G10",17,560,121,222,29,340,"Dextral"
"G10",18,827,99,173,27,355,"Sinistral"
"G10",19,67,83,211,29,354,"Dextral"
"G10",20,287,50,166,27,358,"Dextral"
"G2",1,631,945,132,25,2,"Sinistral"
"G2",2,284,937,188,28,8,"Sinistral"
"G2",3,45,890,188,28,15,"Dextral"
"G2",4,451,858,244,30,12,"Sinistral"
"G2",5,803,851,153,26,20,"Dextral"
"G2",6,592,749,184,28,356,"Sinistral"
"G2",7,206,702,128,25,4,"Sinistral"
"G2",8,784,604,110,24,21,"Sinistral"
"G2",9,378,564,198,28,355,"Sinistral"
"G2",10,620,525,208,29,359,"Sinistral"
"G2",11,934,467,212,29,3,"Dextral"
"G2",12,158,420,181,28,8,"Dextral"
"G2",13,546,354,103,23,16,"Dextral"
"G2",14,899,283,110,24,347,"Dextral"
"G2",15,366,241,149,26,6,"Dextral"
"G2",16,701,235,158,26,15,"Sinistral"
"G2",17,70,193,154,26,350,"Dextral"
"G2",18,948,71,158,26,5,"Dextral"
"G2",19,433,57,175,27,339,"Dextral"
"G2",20,209,41,172,27,353,"Sinistral"
"G3",1,656,931,182,28,349,"Sinistral"
"G3",2,854,928,176,27,359,"Sinistral"
"G3",3,349,889,180,27,356,"Dextral"
"G3",4,80,858,157,26,358,"Dextral"
"G3",5,548,777,144,26,356,"Dextral"
"G3",6,237,676,165,27,343,"Sinistral"
"G3",7,681,628,174,27,23,"Sinistral"
"G3",8,900,623,131,25,349,"Dextral"
"G3",9,416,511,169,27,11,"Dextral"
"G3",10,55,478,178,27,355,"Sinistral"
"G3",11,618,444,253,30,6,"Sinistral"
"G3",12,240,428,250,30,40,"Sinistral"
"G3",13,844,334,135,25,2,"Dextral"
"G3",14,529,293,158,27,13,"Sinistral"
"G3",15,358,254,223,29,9,"Dextral"
"G3",16,159,213,128,25,347,"Sinistral"
"G3",17,824,106,163,27,16,"Dextral"
"G3",18,286,60,172,27,1,"Sinistral"
"G3",19,553,37,194,28,2,"Dextral"
"G3",20,54,30,119,24,351,"Sinistral"
"G4",1,31,892,175,27,19,"Dextral"
"G4",2,353,892,126,25,24,"Dextral"
"G4",3,647,819,139,26,4,"Dextral"
"G4",4,892,813,163,27,358,"Dextral"
"G4",5,111,733,162,27,1,"Dextral"
"G4",6,371,647,119,24,355,"Sinistral"
"G4",7,675,641,165,27,335,"Sinistral"
"G4",8,94,540,111,24,359,"Dextral"
"G4",9,868,470,141,26,18,"Dextral"
"G4",10,611,430,163,27,0,"Sinistral"
"G4",11,94,361,167,27,20,"Dextral"
"G4",12,319,325,162,27,21,"Dextral"
"G4",13,940,266,180,27,333,"Dextral"
"G4",14,770,210,136,25,347,"Dextral"
"G4",15,459,205,156,26,359,"Dextral"
"G4",16,183,141,168,27,7,"Sinistral"
"G4",17,914,83,181,28,346,"Dextral"
"G4",18,31,51,194,28,6,"Dextral"
"G4",19,642,45,168,27,8,"Dextral"
"G4",20,394,37,152,26,5,"Sinistral"
"G5",1,625,950,112,24,0,"Sinistral"
"G5",2,331,927,146,26,341,"Sinistral"
"G5",3,867,912,205,28,352,"Dextral"
"G5",4,64,744,143,26,355,"Sinistral"
"G5",5,910,735,192,28,2,"Dextral"
"G5",6,520,729,190,28,359,"Dextral"
"G5",7,712,711,205,28,355,"Dextral"
"G5",8,313,665,139,26,353,"Sinistral"
"G5",9,840,537,173,27,1,"Sinistral"
"G5",10,49,531,207,29,8,"Sinistral"
"G5",11,586,439,86,22,6,"Dextral"
"G5",12,381,369,135,25,13,"Sinistral"
"G5",13,205,362,197,28,359,"Dextral"
"G5",14,946,347,221,29,342,"Sinistral"
"G5",15,35,310,190,28,357,"Sinistral"
"G5",16,693,291,123,25,353,"Sinistral"
"G5",17,145,173,168,27,10,"Sinistral"
"G5",18,458,158,153,26,360,"Dextral"
"G5",19,857,149,147,26,354,"Sinistral"
"G5",20,655,64,189,28,358,"Dextral"
"G6",1,676,948,117,24,5,"Sinistral"
"G6",2,382,880,160,27,337,"Dextral"
"G6",3,941,871,144,26,20,"Sinistral"
"G6",4,782,761,167,27,6,"Dextral"
"G6",5,544,760,146,26,345,"Dextral"
"G6",6,201,729,155,26,12,"Dextral"
"G6",7,385,669,161,27,343,"Dextral"
"G6",8,696,604,177,27,347,"Dextral"
"G6",9,82,594,189,28,358,"Sinistral"
"G6",10,913,547,206,29,350,"Sinistral"
"G6",11,477,515,159,27,349,"Dextral"
"G6",12,757,437,124,25,5,"Sinistral"
"G6",13,76,390,151,26,347,"Dextral"
"G6",14,359,372,149,26,12,"Sinistral"
"G6",15,852,281,173,27,7,"Sinistral"
"G6",16,484,187,161,27,350,"Dextral"
"G6",17,673,159,157,26,341,"Dextral"
"G6",18,70,124,170,27,342,"Dextral"
"G6",19,274,77,153,26,7,"Dextral"
"G6",20,902,28,172,27,358,"Dextral"
"G7",1,503,947,200,28,360,"Sinistral"
"G7",2,298,926,140,26,353,"Sinistral"
"G7",3,710,898,150,26,360,"Dextral"
"G7",4,32,872,176,27,356,"Sinistral"
"G7",5,894,863,192,28,343,"Sinistral"
"G7",6,556,761,138,25,356,"Dextral"
"G7",7,262,750,185,28,337,"Sinistral"
"G7",8,63,647,121,24,347,"Dextral"
"G7",9,690,633,130,25,338,"Dextral"
"G7",10,865,609,174,27,345,"Dextral"
"G7",11,298,572,206,29,7,"Dextral"
"G7",12,472,467,140,26,358,"Dextral"
"G7",13,763,422,126,25,23,"Dextral"
"G7",14,178,391,153,26,22,"Dextral"
"G7",15,940,326,186,28,11,"Dextral"
"G7",16,408,204,114,24,4,"Dextral"
"G7",17,854,137,122,25,349,"Dextral"
"G7",18,607,132,149,26,358,"Sinistral"
"G7",19,109,97,158,26,6,"Sinistral"
"G7",20,293,43,181,28,0,"Sinistral"
"G8",1,252,945,128,25,360,"Sinistral"
"G8",2,38,938,233,29,4,"Dextral"
"G8",3,540,923,153,26,355,"Sinistral"
"G8",4,770,878,151,26,344,"Sinistral"
"G8",5,119,780,147,26,9,"Dextral"
"G8",6,364,696,177,27,352,"Sinistral"
"G8",7,627,660,146,26,356,"Sinistral"
"G8",8,939,635,149,26,350,"Sinistral"
"G8",9,109,588,137,25,8,"Sinistral"
"G8",10,453,495,198,28,6,"Sinistral"
"G8",11,272,430,138,25,360,"Dextral"
"G8",12,723,412,179,27,359,"Sinistral"
"G8",13,95,396,136,25,354,"Dextral"
"G8",14,885,301,127,25,359,"Dextral"
"G8",15,602,280,169,27,350,"Sinistral"
"G8",16,420,207,136,25,341,"Dextral"
"G8",17,102,183,137,25,358,"Dextral"
"G8",18,255,71,180,27,359,"Dextral"
"G8",19,896,69,193,28,360,"Dextral"
"G8",20,624,64,176,27,344,"Dextral"
"G9",1,667,941,222,29,1,"Dextral"
"G9",2,354,923,193,28,334,"Sinistral"
"G9",3,845,904,133,25,30,"Sinistral"
"G9",4,99,904,115,24,340,"Dextral"
"G9",5,476,795,128,25,18,"Sinistral"
"G9",6,865,686,180,28,355,"Sinistral"
"G9",7,675,646,119,24,352,"Dextral"
"G9",8,363,625,156,26,23,"Dextral"
"G9",9,76,546,134,25,10,"Dextral"
"G9",10,925,511,215,29,3,"Sinistral"
"G9",11,569,489,143,26,2,"Dextral"
"G9",12,99,346,125,25,336,"Dextral"
"G9",13,733,337,228,29,342,"Sinistral"
"G9",14,909,316,175,27,333,"Sinistral"
"G9",15,565,275,111,24,352,"Dextral"
"G9",16,259,212,167,27,343,"Sinistral"
"G9",17,631,90,130,25,352,"Sinistral"
"G9",18,884,84,148,26,2,"Dextral"
"G9",19,28,79,238,30,347,"Sinistral"
"G9",20,363,54,195,28,359,"Sinistral"
"H1",1,498,942,165,27,328,"Dextral"
"H1",2,818,935,158,26,348,"Sinistral"
"H1",3,136,869,106,23,342,"Sinistral"
"H1",4,676,829,185,28,8,"Sinistral"
"H1",5,347,810,138,25,345,"Sinistral"
"H1",6,513,753,247,30,350,"Dextral"
"H1",7,713,658,146,26,1,"Dextral"
"H1",8,880,603,130,25,33,"Dextral"
"H1",9,116,545,96,23,355,"Sinistral"
"H1",10,531,514,102,23,350,"Dextral"
"H1",11,299,413,178,27,10,"Dextral"
"H1",12,811,375,138,25,30,"Sinistral"
"H1",13,459,316,133,25,356,"Sinistral"
"H1",14,56,287,164,27,2,"Dextral"
"H1",15,940,228,130,25,3,"Dextral"
"H1",16,300,203,109,24,355,"Sinistral"
"H1",17,629,153,176,27,11,"Dextral"
"H1",18,99,83,142,26,11,"Sinistral"
"H1",19,804,80,141,26,341,"Dextral"
"H1",20,411,30,121,24,7,"Sinistral"
"H10",1,602,871,148,26,348,"Sinistral"
"H10",2,48,840,183,28,346,"Dextral"
"H10",3,839,818,141,26,14,"Dextral"
"H10",4,407,784,117,24,12,"Dextral"
"H10",5,218,767,201,28,355,"Dextral"
"H10",6,593,693,146,26,352,"Dextral"
"H10",7,28,648,179,27,326,"Dextral"
"H10",8,926,628,185,28,18,"Sinistral"
"H10",9,403,533,144,26,350,"Dextral"
"H10",10,164,497,173,27,6,"Dextral"
"H10",11,698,444,153,26,353,"Dextral"
"H10",12,893,414,178,27,13,"Dextral"
"H10",13,513,337,211,29,354,"Dextral"
"H10",14,68,289,119,24,19,"Sinistral"
"H10",15,316,253,163,27,353,"Dextral"
"H10",16,836,240,165,27,13,"Sinistral"
"H10",17,590,176,140,26,356,"Sinistral"
"H10",18,398,68,175,27,338,"Dextral"
"H10",19,849,45,209,29,355,"Sinistral"
"H10",20,188,40,144,26,1,"Sinistral"
"H2",1,820,942,134,25,343,"Dextral"
"H2",2,551,906,194,28,346,"Dextral"
"H2",3,380,837,132,25,342,"Dextral"
"H2",4,171,827,138,25,358,"Sinistral"
"H2",5,707,780,163,27,348,"Dextral"
"H2",6,933,694,180,27,8,"Dextral"
"H2",7,131,636,192,28,359,"Sinistral"
"H2",8,493,529,165,27,349,"Dextral"
"H2",9,732,514,171,27,9,"Sinistral"
"H2",10,911,500,211,29,334,"Sinistral"
"H2",11,291,500,136,25,353,"Sinistral"
"H2",12,119,401,155,26,5,"Sinistral"
"H2",13,828,335,148,26,13,"Sinistral"
"H2",14,641,276,156,26,11,"Dextral"
"H2",15,248,259,174,27,339,"Dextral"
"H2",16,116,142,139,26,355,"Dextral"
"H2",17,496,120,186,28,13,"Sinistral"
"H2",18,896,73,176,27,350,"Sinistral"
"H2",19,310,71,196,28,12,"Dextral"
"H2",20,713,45,83,22,351,"Sinistral"
"H3",1,744,934,190,28,347,"Sinistral"
"H3",2,259,886,165,27,317,"Sinistral"
"H3",3,924,854,163,27,346,"Dextral"
"H3",4,58,823,204,28,343,"Dextral"
"H3",5,435,816,177,27,3,"Dextral"
"H3",6,730,687,98,23,1,"Dextral"
"H3",7,250,668,118,24,349,"Dextral"
"H3",8,54,616,214,29,8,"Sinistral"
"H3",9,532,557,181,28,357,"Sinistral"
"H3",10,947,529,140,26,14,"Dextral"
"H3",11,693,487,215,29,16,"Sinistral"
"H3",12,32,435,141,26,22,"Sinistral"
"H3",13,390,378,166,27,0,"Dextral"
"H3",14,188,343,179,27,344,"Sinistral"
"H3",15,810,339,152,26,17,"Sinistral"
"H3",16,582,310,166,27,342,"Sinistral"
"H3",17,70,105,187,28,9,"Dextral"
"H3",18,892,86,152,26,15,"Dextral"
"H3",19,362,82,185,28,6,"Dextral"
"H3",20,652,57,158,26,344,"Sinistral"
"H4",1,725,930,196,28,355,"Sinistral"
"H4",2,919,886,128,25,355,"Dextral"
"H4",3,482,871,157,26,356,"Dextral"
"H4",4,124,850,105,23,343,"Dextral"
"H4",5,305,801,239,30,340,"Dextral"
"H4",6,734,686,126,25,344,"Sinistral"
"H4",7,553,670,115,24,9,"Sinistral"
"H4",8,921,630,158,27,16,"Sinistral"
"H4",9,377,626,135,25,354,"Dextral"
"H4",10,103,625,172,27,344,"Dextral"
"H4",11,660,478,149,26,352,"Sinistral"
"H4",12,829,412,166,27,0,"Sinistral"
"H4",13,284,356,161,27,358,"Sinistral"
"H4",14,451,284,144,26,355,"Dextral"
"H4",15,676,252,155,26,15,"Sinistral"
"H4",16,921,229,156,26,8,"Dextral"
"H4",17,568,113,163,27,349,"Dextral"
"H4",18,108,101,122,25,4,"Dextral"
"H4",19,317,99,175,27,19,"Sinistral"
"H4",20,770,63,133,25,8,"Sinistral"
"H5",1,318,916,115,24,7,"Sinistral"
"H5",2,72,900,169,27,359,"Dextral"
"H5",3,731,890,176,27,346,"Dextral"
"H5",4,503,756,175,27,8,"Sinistral"
"H5",5,949,731,111,24,5,"Dextral"
"H5",6,162,719,164,27,349,"Dextral"
"H5",7,302,580,178,27,19,"Sinistral"
"H5",8,488,574,178,27,11,"Dextral"
"H5",9,721,544,123,25,11,"Sinistral"
"H5",10,64,530,121,24,7,"Sinistral"
"H5",11,934,521,167,27,354,"Dextral"
"H5",12,285,367,112,24,9,"Dextral"
"H5",13,482,354,98,23,1,"Dextral"
"H5",14,774,320,176,27,355,"Dextral"
"H5",15,132,239,143,26,26,"Dextral"
"H5",16,850,140,139,26,349,"Dextral"
"H5",17,251,110,141,26,349,"Sinistral"
"H5",18,443,98,176,27,9,"Dextral"
"H5",19,616,54,220,29,356,"Dextral"
"H5",20,48,33,179,27,24,"Dextral"
"H6",1,917,946,178,27,359,"Dextral"
"H6",2,29,936,206,29,2,"Sinistral"
"H6",3,208,915,202,28,11,"Sinistral"
"H6",4,716,906,93,22,356,"Sinistral"
"H6",5,414,852,106,23,334,"Dextral"
"H6",6,141,739,178,27,8,"Dextral"
"H6",7,640,663,114,24,358,"Dextral"
"H6",8,875,596,158,27,347,"Sinistral"
"H6",9,409,589,182,28,0,"Dextral"
"H6",10,60,560,153,26,13,"Dextral"
"H6",11,720,501,180,27,6,"Dextral"
"H6",12,287,457,122,25,10,"Dextral"
"H6",13,903,395,199,28,1,"Dextral"
"H6",14,525,374,164,27,10,"Dextral"
"H6",15,120,354,157,26,20,"Sinistral"
"H6",16,722,303,122,24,6,"Dextral"
"H6",17,379,226,174,27,352,"Sinistral"
"H6",18,191,89,128,25,2,"Dextral"
"H6",19,663,78,192,28,357,"Dextral"
"H6",20,851,29,178,27,4,"Dextral"
"H7",1,25,930,175,27,4,"Sinistral"
"H7",2,889,918,179,27,4,"Dextral"
"H7",3,434,905,107,24,9,"Sinistral"
"H7",4,262,835,182,28,3,"Sinistral"
"H7",5,725,811,122,25,353,"Sinistral"
"H7",6,551,700,189,28,358,"Dextral"
"H7",7,102,677,145,26,357,"Sinistral"
"H7",8,821,659,154,26,20,"Sinistral"
"H7",9,383,553,131,25,340,"Sinistral"
"H7",10,576,523,135,25,5,"Dextral"
"H7",11,62,492,237,30,339,"Sinistral"
"H7",12,832,479,168,27,24,"Dextral"
"H7",13,215,390,94,23,340,"Sinistral"
"H7",14,943,283,191,28,20,"Sinistral"
"H7",15,71,254,208,29,16,"Dextral"
"H7",16,464,241,147,26,2,"Sinistral"
"H7",17,655,182,147,26,6,"Sinistral"
"H7",18,337,108,145,26,358,"Dextral"
"H7",19,73,72,159,27,4,"Sinistral"
"H7",20,913,61,183,28,347,"Dextral"
"H8",1,777,945,253,30,16,"Sinistral"
"H8",2,131,925,108,24,6,"Dextral"
"H8",3,356,882,167,27,342,"Sinistral"
"H8",4,929,830,154,26,360,"Dextral"
"H8",5,633,810,128,25,10,"Dextral"
"H8",6,472,699,173,27,3,"Sinistral"
"H8",7,776,682,182,28,0,"Dextral"
"H8",8,259,682,196,28,357,"Dextral"
"H8",9,87,593,163,27,346,"Dextral"
"H8",10,898,543,131,25,33,"Sinistral"
"H8",11,725,497,132,25,20,"Sinistral"
"H8",12,500,478,151,26,4,"Sinistral"
"H8",13,363,342,125,25,359,"Dextral"
"H8",14,179,341,100,23,24,"Sinistral"
"H8",15,704,315,204,28,8,"Sinistral"
"H8",16,842,193,153,26,7,"Sinistral"
"H8",17,130,170,174,27,352,"Sinistral"
"H8",18,620,147,105,23,352,"Sinistral"
"H8",19,289,49,173,27,21,"Sinistral"
"H8",20,937,32,166,27,11,"Dextral"
"H9",1,603,942,191,28,359,"Sinistral"
"H9",2,433,865,149,26,8,"Sinistral"
"H9",3,826,856,152,26,28,"Dextral"
"H9",4,273,784,171,27,3,"Dextral"
"H9",5,79,682,94,23,2,"Sinistral"
"H9",6,719,654,109,24,13,"Sinistral"
"H9",7,452,639,132,25,356,"Dextral"
"H9",8,182,530,215,29,10,"Dextral"
"H9",9,946,471,119,24,349,"Dextral"
"H9",10,524,466,163,27,356,"Dextral"
"H9",11,330,396,168,27,359,"Sinistral"
"H9",12,754,342,196,28,350,"Sinistral"
"H9",13,117,317,182,28,3,"Sinistral"
"H9",14,944,282,200,28,352,"Dextral"
"H9",15,414,238,161,27,17,"Dextral"
"H9",16,595,226,150,26,347,"Sinistral"
"H9",17,244,130,117,24,23,"Dextral"
"H9",18,68,89,179,27,354,"Dextral"
"H9",19,843,42,116,24,355,"Dextral"
"H9",20,581,38,218,29,357,"Dextral"
"I1",1,278,947,206,29,319,"Sinistral"
"I1",2,53,900,199,28,352,"Sinistral"
"I1",3,417,839,184,28,350,"Sinistral"
"I1",4,211,783,210,29,334,"Dextral"
"I1",5,885,771,186,28,4,"Sinistral"
"I1",6,686,762,138,25,349,"Sinistral"
"I1",7,58,638,163,27,8,"Dextral"
"I1",8,539,637,194,28,346,"Dextral"
"I1",9,289,620,88,22,352,"Dextral"
"I1",10,851,586,158,27,23,"Sinistral"
"I1",11,700,457,201,28,3,"Dextral"
"I1",12,495,451,163,27,2,"Dextral"
"I1",13,106,368,187,28,4,"Dextral"
"I1",14,327,307,175,27,6,"Sinistral"
"I1",15,735,285,175,27,355,"Sinistral"
"I1",16,917,191,222,29,23,"Dextral"
"I1",17,462,162,125,25,34,"Sinistral"
"I1",18,125,105,190,28,340,"Dextral"
"I1",19,298,42,186,28,1,"Sinistral"
"I1",20,794,34,179,27,4,"Dextral"
"I10",1,712,946,179,27,356,"Sinistral"
"I10",2,187,919,139,26,3,"Sinistral"
"I10",3,939,890,162,27,356,"Dextral"
"I10",4,380,883,155,26,351,"Dextral"
"I10",5,651,767,169,27,358,"Dextral"
"I10",6,846,732,133,25,0,"Sinistral"
"I10",7,395,664,176,27,355,"Sinistral"
"I10",8,57,641,176,27,353,"Sinistral"
"I10",9,626,557,178,27,355,"Dextral"
"I10",10,273,530,93,22,6,"Sinistral"
"I10",11,463,470,148,26,332,"Dextral"
"I10",12,817,463,138,25,337,"Sinistral"
"I10",13,321,286,141,26,26,"Dextral"
"I10",14,847,265,217,29,358,"Sinistral"
"I10",15,26,257,133,25,8,"Dextral"
"I10",16,645,247,158,26,1,"Sinistral"
"I10",17,768,99,128,25,355,"Sinistral"
"I10",18,253,69,149,26,348,"Dextral"
"I10",19,478,57,161,27,1,"Dextral"
"I10",20,42,39,194,28,0,"Dextral"
"I2",1,68,947,172,27,337,"Sinistral"
"I2",2,586,947,145,26,346,"Dextral"
"I2",3,345,943,205,28,350,"Dextral"
"I2",4,941,899,212,29,7,"Sinistral"
"I2",5,781,824,196,28,4,"Sinistral"
"I2",6,407,771,179,27,344,"Dextral"
"I2",7,215,735,113,24,355,"Sinistral"
"I2",8,51,671,210,29,14,"Sinistral"
"I2",9,844,657,162,27,346,"Dextral"
"I2",10,589,643,150,26,7,"Dextral"
"I2",11,501,475,116,24,11,"Dextral"
"I2",12,170,445,178,27,1,"Dextral"
"I2",13,829,442,152,26,2,"Sinistral"
"I2",14,347,316,177,27,357,"Sinistral"
"I2",15,86,273,208,29,353,"Sinistral"
"I2",16,571,217,150,26,4,"Sinistral"
"I2",17,881,194,132,25,13,"Sinistral"
"I2",18,146,107,137,25,341,"Sinistral"
"I2",19,653,38,139,26,358,"Sinistral"
"I2",20,338,32,163,27,7,"Sinistral"
"I3",1,198,946,227,29,347,"Sinistral"
"I3",2,739,942,200,28,338,"Sinistral"
"I3",3,939,898,120,24,356,"Dextral"
"I3",4,512,817,130,25,4,"Dextral"
"I3",5,309,788,140,26,16,"Dextral"
"I3",6,681,767,111,24,3,"Sinistral"
"I3",7,910,625,170,27,18,"Sinistral"
"I3",8,123,607,161,27,22,"Dextral"
"I3",9,492,558,116,24,18,"Sinistral"
"I3",10,722,538,155,26,358,"Dextral"
"I3",11,285,397,135,25,22,"Dextral"
"I3",12,100,335,192,28,353,"Dextral"
"I3",13,744,326,142,26,343,"Dextral"
"I3",14,400,210,176,27,350,"Dextral"
"I3",15,586,209,135,25,15,"Sinistral"
"I3",16,27,155,177,27,359,"Dextral"
"I3",17,926,123,174,27,343,"Dextral"
"I3",18,749,120,207,29,356,"Sinistral"
"I3",19,476,36,193,28,10,"Sinistral"
"I3",20,209,35,157,26,5,"Sinistral"
"I4",1,649,931,208,29,357,"Sinistral"
"I4",2,826,923,175,27,7,"Dextral"
"I4",3,457,904,178,27,32,"Dextral"
"I4",4,151,876,171,27,352,"Sinistral"
"I4",5,626,758,132,25,12,"Sinistral"
"I4",6,927,755,62,19,354,"Sinistral"
"I4",7,347,689,150,26,12,"Sinistral"
"I4",8,131,626,167,27,358,"Sinistral"
"I4",9,867,558,189,28,12,"Sinistral"
"I4",10,450,543,188,28,353,"Dextral"
"I4",11,657,522,141,26,354,"Dextral"
"I4",12,257,459,155,26,3,"Sinistral"
"I4",13,36,414,197,28,6,"Dextral"
"I4",14,732,359,161,27,11,"Dextral"
"I4",15,929,323,193,28,357,"Dextral"
"I4",16,425,251,169,27,34,"Sinistral"
"I4",17,121,179,141,26,6,"Dextral"
"I4",18,937,147,160,27,5,"Sinistral"
"I4",19,690,130,155,26,333,"Dextral"
"I4",20,392,46,191,28,15,"Dextral"
"I5",1,877,860,108,24,350,"Dextral"
"I5",2,29,825,164,27,359,"Sinistral"
"I5",3,419,807,186,28,1,"Sinistral"
"I5",4,597,782,197,28,11,"Dextral"
"I5",5,229,735,137,25,333,"Dextral"
"I5",6,54,630,201,28,357,"Sinistral"
"I5",7,806,585,179,27,13,"Dextral"
"I5",8,512,551,151,26,2,"Dextral"
"I5",9,273,512,202,28,10,"Sinistral"
"I5",10,130,397,131,25,341,"Sinistral"
"I5",11,920,350,188,28,1,"Dextral"
"I5",12,411,349,186,28,10,"Sinistral"
"I5",13,618,335,145,26,13,"Dextral"
"I5",14,32,250,166,27,11,"Dextral"
"I5",15,255,249,150,26,15,"Dextral"
"I5",16,485,160,219,29,347,"Dextral"
"I5",17,669,126,181,28,336,"Dextral"
"I5",18,877,121,161,27,352,"Dextral"
"I5",19,122,63,208,29,8,"Dextral"
"I5",20,319,49,167,27,356,"Dextral"
"I6",1,229,925,151,26,349,"Sinistral"
"I6",2,460,881,141,26,8,"Sinistral"
"I6",3,32,845,175,27,341,"Dextral"
"I6",4,778,838,167,27,10,"Dextral"
"I6",5,252,732,203,28,357,"Dextral"
"I6",6,89,651,152,26,343,"Sinistral"
"I6",7,663,620,100,23,3,"Sinistral"
"I6",8,451,606,144,26,4,"Dextral"
"I6",9,883,579,177,27,1,"Sinistral"
"I6",10,210,504,167,27,360,"Dextral"
"I6",11,37,438,219,29,6,"Dextral"
"I6",12,624,422,91,22,354,"Sinistral"
"I6",13,857,399,164,27,350,"Sinistral"
"I6",14,192,327,119,24,5,"Dextral"
"I6",15,355,241,121,24,345,"Dextral"
"I6",16,676,223,154,26,352,"Sinistral"
"I6",17,935,212,185,28,351,"Dextral"
"I6",18,81,135,158,26,351,"Sinistral"
"I6",19,760,47,199,28,348,"Sinistral"
"I6",20,423,35,177,27,5,"Sinistral"
"I7",1,27,927,184,28,357,"Sinistral"
"I7",2,497,927,176,27,7,"Dextral"
"I7",3,239,900,177,27,19,"Sinistral"
"I7",4,805,800,161,27,9,"Dextral"
"I7",5,585,767,246,30,352,"Dextral"
"I7",6,35,698,177,27,30,"Sinistral"
"I7",7,927,663,188,28,3,"Sinistral"
"I7",8,246,617,178,27,3,"Dextral"
"I7",9,442,616,163,27,7,"Sinistral"
"I7",10,685,614,138,25,18,"Dextral"
"I7",11,810,465,171,27,2,"Sinistral"
"I7",12,585,462,210,29,339,"Sinistral"
"I7",13,199,438,94,23,5,"Sinistral"
"I7",14,486,291,166,27,346,"Dextral"
"I7",15,308,285,177,27,3,"Dextral"
"I7",16,657,200,157,26,5,"Dextral"
"I7",17,888,150,158,26,356,"Sinistral"
"I7",18,148,122,106,23,8,"Dextral"
"I7",19,343,55,159,27,342,"Dextral"
"I7",20,728,30,204,28,6,"Sinistral"
"I8",1,853,940,213,29,350,"Sinistral"
"I8",2,508,925,200,28,13,"Dextral"
"I8",3,328,908,195,28,359,"Dextral"
"I8",4,74,848,170,27,357,"Sinistral"
"I8",5,689,777,95,23,341,"Dextral"
"I8",6,892,767,154,26,357,"Dextral"
"I8",7,450,745,180,27,357,"Sinistral"
"I8",8,138,661,204,28,11,"Dextral"
"I8",9,705,596,186,28,359,"Sinistral"
"I8",10,377,569,142,26,354,"Sinistral"
"I8",11,892,523,145,26,357,"Sinistral"
"I8",12,166,426,185,28,4,"Dextral"
"I8",13,738,381,124,25,7,"Sinistral"
"I8",14,474,346,184,28,350,"Dextral"
"I8",15,937,338,199,28,11,"Sinistral"
"I8",16,27,292,179,27,356,"Dextral"
"I8",17,694,204,184,28,2,"Dextral"
"I8",18,342,154,119,24,348,"Dextral"
"I8",19,42,87,172,27,347,"Dextral"
"I8",20,767,26,162,27,7,"Dextral"
"I9",1,30,913,202,28,348,"Sinistral"
"I9",2,368,905,182,28,27,"Dextral"
"I9",3,915,877,187,28,350,"Sinistral"
"I9",4,669,872,149,26,332,"Sinistral"
"I9",5,202,827,130,25,353,"Sinistral"
"I9",6,393,698,166,27,349,"Sinistral"
"I9",7,823,694,165,27,359,"Sinistral"
"I9",8,572,645,173,27,1,"Dextral"
"I9",9,150,616,94,23,4,"Sinistral"
"I9",10,362,513,217,29,360,"Sinistral"
"I9",11,735,468,159,27,336,"Sinistral"
"I9",12,910,432,160,27,344,"Sinistral"
"I9",13,25,341,168,27,344,"Sinistral"
"I9",14,564,331,187,28,353,"Dextral"
"I9",15,345,329,159,27,1,"Dextral"
"I9",16,867,176,162,27,17,"Sinistral"
"I9",17,450,156,142,26,2,"Dextral"
"I9",18,255,110,181,28,346,"Dextral"
"I9",19,42,97,188,28,31,"Sinistral"
"I9",20,728,66,181,28,4,"Sinistral"
"J1",1,371,942,170,27,25,"Sinistral"
"J1",2,883,918,144,26,336,"Sinistral"
"J1",3,646,854,164,27,12,"Dextral"
"J1",4,168,845,188,28,5,"Sinistral"
"J1",5,422,765,163,27,346,"Sinistral"
"J1",6,944,687,162,27,1,"Dextral"
"J1",7,653,674,141,26,340,"Sinistral"
"J1",8,165,650,130,25,355,"Dextral"
"J1",9,484,570,176,27,355,"Sinistral"
"J1",10,927,489,213,29,357,"Dextral"
"J1",11,741,475,113,24,355,"Dextral"
"J1",12,45,431,171,27,354,"Sinistral"
"J1",13,356,416,106,23,0,"Dextral"
"J1",14,582,321,143,26,354,"Sinistral"
"J1",15,846,261,147,26,357,"Sinistral"
"J1",16,320,224,200,28,20,"Dextral"
"J1",17,83,183,150,26,13,"Dextral"
"J1",18,755,102,142,26,352,"Dextral"
"J1",19,299,35,155,26,11,"Sinistral"
"J1",20,522,30,197,28,10,"Dextral"
"J10",1,50,902,189,28,21,"Sinistral"
"J10",2,821,885,170,27,339,"Sinistral"
"J10",3,628,885,114,24,354,"Dextral"
"J10",4,327,836,84,22,2,"Dextral"
"J10",5,474,731,142,26,13,"Dextral"
"J10",6,895,706,138,25,359,"Sinistral"
"J10",7,673,656,126,25,5,"Dextral"
"J10",8,55,576,145,26,357,"Sinistral"
"J10",9,533,547,149,26,6,"Dextral"
"J10",10,818,527,208,29,347,"Dextral"
"J10",11,245,497,126,25,349,"Sinistral"
"J10",12,923,372,157,26,4,"Sinistral"
"J10",13,45,332,116,24,18,"Dextral"
"J10",14,647,321,141,26,360,"Sinistral"
"J10",15,479,264,118,24,17,"Dextral"
"J10",16,251,187,132,25,17,"Dextral"
"J10",17,818,145,136,25,19,"Dextral"
"J10",18,626,125,165,27,357,"Dextral"
"J10",19,390,60,190,28,347,"Dextral"
"J10",20,105,60,169,27,4,"Sinistral"
"J2",1,812,947,117,24,0,"Dextral"
"J2",2,462,931,186,28,356,"Dextral"
"J2",3,641,884,216,29,331,"Sinistral"
"J2",4,100,856,147,26,16,"Sinistral"
"J2",5,581,718,162,27,8,"Sinistral"
"J2",6,382,702,155,26,359,"Dextral"
"J2",7,54,648,200,28,349,"Dextral"
"J2",8,787,619,130,25,8,"Sinistral"
"J2",9,231,612,182,28,348,"Dextral"
"J2",10,511,452,152,26,357,"Dextral"
"J2",11,113,433,171,27,11,"Sinistral"
"J2",12,868,410,171,27,347,"Dextral"
"J2",13,282,341,104,23,1,"Dextral"
"J2",14,690,338,153,26,319,"Sinistral"
"J2",15,477,246,180,28,350,"Dextral"
"J2",16,169,207,170,27,6,"Sinistral"
"J2",17,698,114,97,23,357,"Sinistral"
"J2",18,40,64,222,29,359,"Sinistral"
"J2",19,921,57,202,28,354,"Sinistral"
"J2",20,466,51,148,26,3,"Dextral"
"J3",1,659,949,208,29,340,"Dextral"
"J3",2,403,926,138,25,358,"Sinistral"
"J3",3,126,900,137,25,2,"Dextral"
"J3",4,938,854,211,29,351,"Dextral"
"J3",5,776,789,145,26,8,"Dextral"
"J3",6,271,763,181,28,11,"Dextral"
"J3",7,448,748,97,23,355,"Sinistral"
"J3",8,67,658,232,29,344,"Dextral"
"J3",9,568,553,137,25,355,"Dextral"
"J3",10,272,548,167,27,12,"Sinistral"
"J3",11,816,529,185,28,358,"Sinistral"
"J3",12,106,315,147,26,345,"Sinistral"
"J3",13,831,306,176,27,15,"Dextral"
"J3",14,447,298,136,25,358,"Dextral"
"J3",15,635,288,171,27,355,"Sinistral"
"J3",16,913,136,188,28,356,"Dextral"
"J3",17,102,125,128,25,343,"Sinistral"
"J3",18,731,123,168,27,13,"Sinistral"
"J3",19,304,72,134,25,1,"Sinistral"
"J3",20,531,29,148,26,354,"Sinistral"
"J4",1,667,939,180,28,355,"Dextral"
"J4",2,284,928,138,25,354,"Sinistral"
"J4",3,500,875,179,27,346,"Dextral"
"J4",4,905,825,172,27,357,"Sinistral"
"J4",5,671,761,174,27,11,"Dextral"
"J4",6,173,746,159,27,355,"Dextral"
"J4",7,376,662,197,28,22,"Dextral"
"J4",8,927,581,222,29,6,"Dextral"
"J4",9,761,513,160,27,15,"Dextral"
"J4",10,472,505,132,25,344,"Sinistral"
"J4",11,125,487,145,26,15,"Dextral"
"J4",12,311,429,186,28,16,"Sinistral"
"J4",13,946,365,135,25,8,"Sinistral"
"J4",14,409,280,159,27,0,"Sinistral"
"J4",15,69,240,142,26,349,"Sinistral"
"J4",16,688,211,152,26,5,"Sinistral"
"J4",17,873,196,123,25,8,"Sinistral"
"J4",18,550,90,213,29,347,"Dextral"
"J4",19,147,66,171,27,356,"Dextral"
"J4",20,361,26,175,27,10,"Dextral"
"J5",1,681,911,188,28,358,"Sinistral"
"J5",2,386,892,182,28,11,"Sinistral"
"J5",3,68,888,162,27,0,"Sinistral"
"J5",4,901,871,143,26,17,"Dextral"
"J5",5,193,758,156,26,2,"Dextral"
"J5",6,398,678,154,26,352,"Sinistral"
"J5",7,646,676,174,27,346,"Sinistral"
"J5",8,34,585,155,26,350,"Dextral"
"J5",9,864,510,161,27,19,"Sinistral"
"J5",10,628,499,103,23,8,"Sinistral"
"J5",11,281,466,84,22,346,"Dextral"
"J5",12,77,413,152,26,337,"Sinistral"
"J5",13,455,364,167,27,351,"Dextral"
"J5",14,681,308,218,29,2,"Dextral"
"J5",15,910,300,117,24,6,"Dextral"
"J5",16,244,261,116,24,29,"Sinistral"
"J5",17,77,186,143,26,355,"Dextral"
"J5",18,771,90,190,28,2,"Sinistral"
"J5",19,290,81,152,26,9,"Sinistral"
"J5",20,522,79,181,28,351,"Sinistral"
"J6",1,289,893,179,27,356,"Dextral"
"J6",2,834,890,203,28,17,"Dextral"
"J6",3,591,890,118,24,335,"Dextral"
"J6",4,73,816,187,28,19,"Dextral"
"J6",5,919,710,165,27,357,"Dextral"
"J6",6,438,699,201,28,350,"Dextral"
"J6",7,231,664,212,29,350,"Dextral"
"J6",8,692,611,130,25,358,"Sinistral"
"J6",9,512,526,214,29,13,"Dextral"
"J6",10,309,496,113,24,18,"Sinistral"
"J6",11,47,476,180,28,355,"Sinistral"
"J6",12,878,451,208,29,336,"Dextral"
"J6",13,657,362,163,27,8,"Dextral"
"J6",14,348,275,152,26,35,"Sinistral"
"J6",15,915,214,180,27,328,"Sinistral"
"J6",16,677,152,163,27,10,"Sinistral"
"J6",17,238,132,132,25,351,"Sinistral"
"J6",18,52,114,190,28,350,"Sinistral"
"J6",19,435,65,137,25,18,"Sinistral"
"J6",20,902,38,175,27,339,"Sinistral"
"J7",1,375,928,162,27,358,"Dextral"
"J7",2,565,927,150,26,351,"Sinistral"
"J7",3,126,916,158,26,349,"Dextral"
"J7",4,756,841,155,26,341,"Sinistral"
"J7",5,25,741,200,28,1,"Sinistral"
"J7",6,437,693,123,25,348,"Sinistral"
"J7",7,221,693,187,28,356,"Sinistral"
"J7",8,662,567,158,27,18,"Sinistral"
"J7",9,333,545,143,26,19,"Dextral"
"J7",10,63,524,170,27,13,"Sinistral"
"J7",11,833,511,128,25,9,"Sinistral"
"J7",12,549,389,113,24,16,"Sinistral"
"J7",13,328,369,177,27,351,"Sinistral"
"J7",14,904,341,143,26,14,"Dextral"
"J7",15,96,321,150,26,339,"Sinistral"
"J7",16,659,239,135,25,336,"Dextral"
"J7",17,304,137,97,23,3,"Dextral"
"J7",18,892,102,202,28,359,"Sinistral"
"J7",19,57,66,188,28,344,"Dextral"
"J7",20,543,61,171,27,340,"Dextral"
"J8",1,556,933,156,26,11,"Sinistral"
"J8",2,187,902,172,27,354,"Dextral"
"J8",3,356,852,172,27,22,"Sinistral"
"J8",4,943,793,191,28,340,"Dextral"
"J8",5,679,771,99,23,350,"Sinistral"
"J8",6,34,767,164,27,21,"Sinistral"
"J8",7,420,676,132,25,355,"Sinistral"
"J8",8,153,598,119,24,350,"Sinistral"
"J8",9,901,593,105,23,9,"Sinistral"
"J8",10,607,581,147,26,358,"Dextral"
"J8",11,411,482,184,28,9,"Sinistral"
"J8",12,773,462,189,28,338,"Dextral"
"J8",13,40,420,169,27,2,"Sinistral"
"J8",14,560,307,149,26,358,"Sinistral"
"J8",15,332,290,55,18,345,"Sinistral"
"J8",16,62,228,130,25,344,"Dextral"
"J8",17,915,219,182,28,32,"Dextral"
"J8",18,225,143,192,28,356,"Sinistral"
"J8",19,741,135,102,23,358,"Sinistral"
"J8",20,385,62,165,27,359,"Sinistral"
"J9",1,516,906,117,24,344,"Dextral"
"J9",2,167,877,164,27,9,"Dextral"
"J9",3,896,864,121,24,360,"Sinistral"
"J9",4,315,778,217,29,351,"Sinistral"
"J9",5,701,760,141,26,341,"Sinistral"
"J9",6,490,729,176,27,355,"Sinistral"
"J9",7,898,683,188,28,16,"Dextral"
"J9",8,140,669,177,27,344,"Dextral"
"J9",9,744,586,111,24,4,"Dextral"
"J9",10,413,539,153,26,3,"Sinistral"
"J9",11,930,507,212,29,19,"Dextral"
"J9",12,54,469,211,29,354,"Dextral"
"J9",13,640,372,182,28,340,"Sinistral"
"J9",14,198,333,161,27,351,"Dextral"
"J9",15,817,259,105,23,11,"Dextral"
"J9",16,510,222,115,24,346,"Dextral"
"J9",17,293,93,154,26,3,"Dextral"
"J9",18,27,65,142,26,359,"Dextral"
"J9",19,531,43,178,27,15,"Dextral"
"J9",20,833,38,155,26,345,"Sinistral"
